Date,Total Rainfall (mm),Mean Wind Speed (km/h),Mean Amount of Cloud (%),Humidity,Sun,Maximum Temperature,Minimum Temperature,Mean Temperature
2020-01-01,0,7.0,92.0,80,0.2,18.6,16.7,17.5
2020-01-02,0,4.8,54.0,78,3.6,20.3,14.5,17.5
2020-01-03,0,4.2,47.0,82,8.9,23.5,14.4,18.4
2020-01-04,0.5,4.1,62.0,83,8.6,23.9,14.1,18.4
2020-01-05,0,6.8,81.0,79,6.6,23.2,18.4,20.3
2020-01-06,0,7.8,75.0,78,6.7,24.9,20,21.5
2020-01-07,0,3.5,57.0,83,8.0,27.1,18.7,22
2020-01-08,0,5.8,35.0,72,8.1,26,18.9,21.4
2020-01-09,0,10.2,76.0,77,5.0,20.6,18,19
2020-01-10,0,7.0,67.0,82,6.1,23.5,18.5,20.1
2020-01-11,0,5.6,59.0,81,7.0,25.8,17.9,21
2020-01-12,0,7.3,75.0,65,7.9,20.4,13.9,17.1
2020-01-13,0,6.6,77.0,76,2.5,19.2,16.3,17.6
2020-01-14,0,5.3,42.0,76,9.4,22.7,16.9,18.9
2020-01-15,0.5,8.3,77.0,80,5.8,21.3,17.6,19.1
2020-01-16,0,6.0,57.0,84,7.2,22.8,18,19.5
2020-01-17,0,6.6,88.0,69,0.1,19.3,15.2,17.4
2020-01-18,0,6.4,63.0,73,6.5,19.6,14.4,17.1
2020-01-19,0,6.9,83.0,75,1.1,19.4,14.8,17.2
2020-01-20,0,4.5,80.0,75,2.9,20.7,14.4,16.8
2020-01-21,0,4.8,85.0,80,4.9,22,13.9,17.9
2020-01-22,0,4.6,84.0,82,4.3,24.2,17.6,20.5
2020-01-23,0,4.5,63.0,86,7.6,26.1,20,21.8
2020-01-24,0,5.9,86.0,89,4.6,23.5,19.9,21.2
2020-01-25,4,6.4,91.0,89,0.9,22.6,18,19.7
2020-01-26,32,8.8,80.0,86,1.5,18.7,13.1,15.5
2020-01-27,0,8.8,71.0,70,2.7,15.9,10,12.2
2020-01-28,0,8.7,68.0,66,4.4,15.7,9.5,12.3
2020-01-29,0,9.0,42.0,55,7.2,16.6,10.2,13.4
2020-01-30,0,11.9,3.0,44,10.2,18.3,11.6,14.7
2020-01-31,0,7.5,4.0,52,10.2,18.4,10.1,14
2020-02-01,0,4.9,29.0,72,9.1,18.5,9,14.2
2020-02-02,0,7.2,85.0,77,1.6,18.8,15.5,16.9
2020-02-03,1,6.4,68.0,78,1.9,21,15.6,18
2020-02-04,1.5,5.5,88.0,84,0.6,18.3,14.7,16.7
2020-02-05,0,6.8,88.0,83,0.2,18.4,16.5,17.3
2020-02-06,0,7.8,81.0,77,1.5,18.3,15.7,17
2020-02-07,0,5.5,85.0,82,0.5,20.3,17.3,18.6
2020-02-08,0,7.3,88.0,76,0.1,18,15.8,16.7
2020-02-09,0,6.1,88.0,77,0.1,18,13.7,15.9
2020-02-10,0,4.8,88.0,76,0.3,18.3,14.7,16.4
2020-02-11,2,3.7,88.0,86,0.0,19.3,16.6,17.5
2020-02-12,0,4.5,77.0,89,4.9,25,18,20.4
2020-02-13,16.5,3.0,80.0,94,0.3,20.6,17.9,19.2
2020-02-14,7,6.0,92.0,94,1.7,24.7,18.9,20.9
2020-02-15,3,6.8,92.0,95,0.8,23.6,19.7,21.5
2020-02-16,26,10.9,92.0,82,0.9,21.3,10.1,13.9
2020-02-17,0,10.9,26.0,53,10.3,16.7,9.5,13.2
2020-02-18,0,6.4,6.0,57,10.5,17.7,10.4,13.7
2020-02-19,0,5.8,37.0,69,7.6,18.7,11.8,15.6
2020-02-20,0,5.2,31.0,70,6.7,21.4,12.3,16.8
2020-02-21,0,5.9,7.0,73,10.6,23.2,14.7,18.6
2020-02-22,0,6.4,11.0,73,10.5,25.8,13.1,18.9
2020-02-23,0,10.0,67.0,71,6.7,24.4,16.8,19.7
2020-02-24,0,7.2,81.0,76,1.5,21.9,17.3,19.8
2020-02-25,0,3.6,56.0,84,3.6,25.8,19.2,21.4
2020-02-26,0,3.5,29.0,82,10.4,28.7,17.7,22.7
2020-02-27,0,8.3,78.0,84,4.1,22.4,18.4,19.8
2020-02-28,0,6.7,84.0,78,5.5,24.2,17.9,20.3
2020-02-29,0,3.0,54.0,80,5.7,27,17.6,21.4
2020-03-01,0,3.1,21.0,82,10.0,28.3,17.9,22.7
2020-03-02,0,7.4,69.0,84,0.0,21,18.5,19.5
2020-03-03,0,8.3,89.0,81,0.4,20.9,17.9,19.2
2020-03-04,3,6.0,88.0,84,0.0,21.6,17.1,19.4
2020-03-05,0.5,6.8,88.0,85,3.4,19.8,15.1,17.4
2020-03-06,0,7.4,88.0,80,1.8,19.8,16.8,18.1
2020-03-07,0,4.6,86.0,88,2.2,24.5,18.8,20.9
2020-03-08,0,5.7,90.0,92,0.4,24.4,19.8,22.3
2020-03-09,7,6.3,90.0,89,1.3,26.7,20.4,23
2020-03-10,0,11.2,70.0,67,8.5,25.7,19.4,22.6
2020-03-11,0,8.3,89.0,72,0.9,19.8,17.5,18.5
2020-03-12,0,7.0,88.0,89,0.0,20.9,17.6,19.4
2020-03-13,0,3.6,89.0,91,3.4,25.1,19.8,21.8
2020-03-14,1.5,8.2,72.0,78,7.3,25.2,19,20.9
2020-03-15,0,7.9,76.0,70,5.4,22.5,18.4,19.7
2020-03-16,0,6.0,70.0,75,8.1,22.4,17.1,19.9
2020-03-17,0,6.4,83.0,79,0.6,21,19.4,20.1
2020-03-18,14,4.2,79.0,86,0.0,21.8,18.9,20.1
2020-03-19,4,4.0,89.0,88,0.3,22.6,18.7,20.1
2020-03-20,1,5.8,88.0,87,0.2,22.9,19.8,20.7
2020-03-21,1,4.9,87.0,94,0.4,23.7,20.6,21.7
2020-03-22,0,7.0,44.0,84,9.7,28.9,21,24.2
2020-03-23,0.5,6.6,37.0,81,10.7,30,19.9,24.4
2020-03-24,0,8.7,70.0,82,6.3,26,20.3,22.4
2020-03-25,0,5.9,88.0,83,4.3,26.2,21,22.5
2020-03-26,1,3.9,77.0,90,2.9,27.4,21.7,23.5
2020-03-27,0,4.5,73.0,86,5.9,28.3,20.8,24
2020-03-28,5.5,3.8,89.0,91,1.6,25.7,18.7,22.6
2020-03-29,4.5,9.1,90.0,91,0.2,20.7,18.6,19.8
2020-03-30,7,6.8,96.0,95,0.0,21,19.3,20
2020-03-31,2.5,6.3,98.0,95,0.0,21.8,18.8,20.5
2020-04-01,0,6.5,96.0,91,0.0,19.8,17.9,18.8
2020-04-02,0,10.3,94.0,86,0.0,21.1,19.1,20
2020-04-03,1.5,7.9,88.0,88,0.0,21.7,19.2,20.4
2020-04-04,2.5,5.7,89.0,89,1.2,23.6,19.1,20.6
2020-04-05,4.5,6.8,94.0,88,0.0,19.5,16.6,17.6
2020-04-06,28.5,4.5,97.0,92,0.0,18,16.2,17
2020-04-07,0,4.5,88.0,86,0.7,22.1,17.1,19.3
2020-04-08,0,5.6,83.0,71,4.3,23.8,18.9,20.6
2020-04-09,0,4.1,31.0,69,9.8,26.4,17.5,21.3
2020-04-10,0,7.5,39.0,73,10.5,23.9,18,21.2
2020-04-11,4,5.4,89.0,88,0.3,24.5,20.9,22.2
2020-04-12,0,13.3,45.0,59,9.5,24.4,18.3,20.9
2020-04-13,0,9.5,49.0,44,10.6,24.5,16.4,19.7
2020-04-14,0,3.3,80.0,65,3.5,23.7,16.7,20
2020-04-15,0,5.0,46.0,66,11.0,26.8,14.9,20.9
2020-04-16,0,4.4,41.0,77,11.1,28.2,16.1,21.9
2020-04-17,0,4.9,59.0,79,10.6,28,20.4,23.5
2020-04-18,0,3.4,73.0,81,5.2,28.5,20,24
2020-04-19,0,7.6,47.0,80,9.7,29.9,23.1,26
2020-04-20,0,9.2,53.0,81,8.7,30.7,24.2,26.7
2020-04-21,0,4.6,69.0,82,5.5,28.8,23.6,26.2
2020-04-22,15,7.0,93.0,94,0.0,25.4,18.8,21.8
2020-04-23,1,5.8,93.0,89,0.0,21.3,18.8,20.2
2020-04-24,1.5,5.4,94.0,84,0.1,21.5,17.1,18.7
2020-04-25,0,3.5,90.0,83,0.7,22.3,17.4,20
2020-04-26,0.5,4.0,79.0,75,7.2,27.4,19,22.8
2020-04-27,0,3.5,65.0,65,7.9,28.3,19.4,23.3
2020-04-28,0,7.5,56.0,64,11.3,27.5,18.6,23
2020-04-29,0,5.6,39.0,72,10.6,28.1,20.5,23.7
2020-04-30,0,5.0,52.0,74,10.3,29.5,18.8,24.2
2020-05-01,0,4.2,70.0,81,7.1,29.5,22.1,25.3
2020-05-02,0,7.1,52.0,77,10.4,30.7,22.9,26.3
2020-05-03,0,12.3,32.0,78,11.3,32.8,23.5,27.8
2020-05-04,0,13.6,57.0,79,9.8,33.2,25.5,28.3
2020-05-05,0,16.4,75.0,80,8.8,31.3,26.5,28.3
2020-05-06,0,11.1,83.0,81,4.8,32,26.3,28.9
2020-05-07,0,10.4,83.0,81,3.9,32.1,27.8,29.6
2020-05-08,0,11.1,86.0,81,3.5,32.3,28.6,29.7
2020-05-09,0,12.5,81.0,79,3.5,31.5,27.9,28.9
2020-05-10,1,9.4,60.0,78,8.5,34,24.1,28.8
2020-05-11,12,4.0,77.0,76,6.9,32.7,23.9,27.9
2020-05-12,3,3.6,78.0,82,3.1,30.8,23.6,27
2020-05-13,0,7.0,80.0,84,2.3,28.7,24.8,26
2020-05-14,0,7.3,86.0,83,3.8,28.6,24.7,26.6
2020-05-15,0,5.8,72.0,81,7.4,31.8,26,28.2
2020-05-16,0,4.2,57.0,80,7.8,32,24.5,28.1
2020-05-17,0,7.1,58.0,77,9.5,32.8,25,28.8
2020-05-18,15.5,8.9,88.0,88,1.4,29.9,24.8,26.3
2020-05-19,0.5,4.8,72.0,82,7.5,31.5,24.2,27.3
2020-05-20,6,6.6,87.0,87,1.6,28.9,25.5,27
2020-05-21,50,7.4,90.0,92,0.0,30.2,25.4,28
2020-05-22,17,9.2,89.0,88,0.1,30.3,26.7,28.2
2020-05-23,0.5,7.2,88.0,88,0.0,26.7,24.8,25.6
2020-05-24,0.5,5.5,80.0,82,2.8,29.3,24.6,26.7
2020-05-25,22,3.5,85.0,91,1.2,28.1,25.3,26.6
2020-05-26,4.5,5.1,86.0,87,2.0,31.5,26.3,28
2020-05-27,1.5,4.8,86.0,83,3.7,31.8,25.4,28
2020-05-28,0.5,4.5,86.0,86,2.4,28.2,25.4,27
2020-05-29,1,4.8,85.0,85,3.6,30.3,26.1,27.8
2020-05-30,135.5,3.3,92.0,94,0.0,28.1,24.1,25.7
2020-05-31,6.5,11.3,86.0,83,1.3,32.4,25.8,29
2020-06-01,1,12.4,85.0,78,5.5,33,28.4,30.2
2020-06-02,17.5,7.5,87.0,82,2.0,32,27,29
2020-06-03,1,12.2,82.0,76,5.4,32.2,27.2,29.7
2020-06-04,0,14.8,83.0,75,8.1,32.9,28.6,30.3
2020-06-05,2.5,13.1,88.0,78,6.2,32.2,26.8,29.7
2020-06-06,282,6.8,94.0,89,0.3,29.8,23.7,26.1
2020-06-07,150.5,4.5,92.0,91,0.0,28,24.1,25.9
2020-06-08,73,5.9,92.0,88,0.0,28.9,25.1,26.9
2020-06-09,13,7.3,87.0,83,2.0,31.8,26.9,29
2020-06-10,0,8.2,81.0,78,7.5,32.3,26.8,29.5
2020-06-11,0,7.4,55.0,76,10.1,33.7,27.2,30.1
2020-06-12,0.5,4.3,32.0,75,10.2,33.5,26.5,29.8
2020-06-13,7.5,7.8,84.0,81,5.3,32.5,27.4,29.3
2020-06-14,25.5,10.3,82.0,84,1.7,30.7,25.5,27.7
2020-06-15,0.5,8.3,64.0,79,7.5,32.2,25.6,29.2
2020-06-16,3.5,7.6,70.0,81,3.3,31.5,26.2,28.5
2020-06-17,1,7.0,54.0,77,6.2,32.1,25.7,28.6
2020-06-18,0,10.0,56.0,77,8.8,32.8,26,29.4
2020-06-19,0,9.5,52.0,74,11.6,33,26.9,30
2020-06-20,0,12.7,54.0,74,10.8,33.2,27.9,30.3
2020-06-21,0.5,13.9,77.0,76,10.0,33,28.6,30.3
2020-06-22,0.5,14.7,79.0,77,8.3,33.2,28.7,30.6
2020-06-23,0,15.1,72.0,77,10.1,33.2,29,30.6
2020-06-24,0,14.8,86.0,77,7.0,33.2,28.9,30.5
2020-06-25,0,15.2,87.0,76,4.9,33.1,29,30.7
2020-06-26,0,14.5,86.0,77,4.6,33.3,29.5,30.7
2020-06-27,1,8.9,83.0,77,6.0,33.6,28.5,30.5
2020-06-28,2.5,8.6,81.0,75,10.2,33.2,27.4,30.2
2020-06-29,0,5.9,78.0,74,9.5,33.4,27,30.1
2020-06-30,0,6.6,72.0,74,9.4,34.3,28.1,30.7
2020-07-01,12.5,4.7,83.0,78,3.8,32.8,27,29.5
2020-07-02,19,6.7,83.0,79,4.4,32.8,26.9,29.7
2020-07-03,18,5.7,82.0,84,3.7,32.6,26.9,28.8
2020-07-04,4,5.9,84.0,80,6.9,33.1,26.8,29.7
2020-07-05,0,10.0,77.0,77,9.4,33.1,27.7,30.2
2020-07-06,0,13.9,77.0,76,8.9,33.2,28.6,30.5
2020-07-07,0,12.6,78.0,77,9.6,33.1,27.5,30.2
2020-07-08,1,16.6,88.0,79,5.7,32,29.1,30.1
2020-07-09,0,20.3,88.0,79,3.9,32.3,29,30.2
2020-07-10,0,14.9,88.0,75,2.6,32.5,29.2,30.4
2020-07-11,0,12.7,83.0,76,6.0,33.6,29.5,30.9
2020-07-12,0,9.3,59.0,75,9.2,34.2,28.6,30.9
2020-07-13,0,8.7,38.0,74,11.5,33.9,27.3,30.8
2020-07-14,0,11.1,57.0,75,12.0,35.2,28.8,31.3
2020-07-15,0,14.9,80.0,74,10.5,34.5,28.8,30.9
2020-07-16,0,14.0,73.0,76,10.1,33.7,28.7,30.7
2020-07-17,7,11.6,76.0,75,10.5,33.5,27.4,30.5
2020-07-18,0,13.0,84.0,75,11.3,34.2,29.1,31.1
2020-07-19,1.5,12.7,84.0,75,10.0,33.8,28.3,30.8
2020-07-20,1.5,6.9,82.0,77,5.8,33.7,27.4,30.3
2020-07-21,0,4.3,61.0,76,9.6,34.2,26.7,30.1
2020-07-22,0.5,5.1,50.0,79,6.7,33.7,27.5,29.7
2020-07-23,0.5,7.5,32.0,73,9.8,35.2,27.4,31.1
2020-07-24,0,8.9,47.0,74,11.1,35,27.3,31.1
2020-07-25,0,12.5,83.0,75,9.5,35.4,28.6,31.1
2020-07-26,0,13.7,78.0,74,10.5,35.4,29.1,31.2
2020-07-27,1,13.6,76.0,75,9.8,34.1,28.4,30.9
2020-07-28,3,9.8,55.0,73,11.1,35,27.3,31.1
2020-07-29,0,5.8,69.0,77,6.1,34.4,28,30.6
2020-07-30,2,8.1,76.0,75,9.5,34.8,27.3,30.4
2020-07-31,57,12.2,86.0,84,0.2,30.1,25.1,28.2
2020-08-01,43,11.5,90.0,87,2.5,29.8,25.5,28
2020-08-02,27,7.4,88.0,89,0.6,29.6,26.2,27.7
2020-08-03,45.5,2.7,88.0,93,0.4,28.3,25.3,26.4
2020-08-04,2,3.3,86.0,87,3.2,30.5,25.5,27.5
2020-08-05,104.5,6.6,89.0,88,2.4,31.3,24.7,27.6
2020-08-06,1.5,5.0,83.0,85,8.6,32.7,24.8,28.6
2020-08-07,0,5.5,82.0,80,8.5,32.7,27.7,29.7
2020-08-08,0,6.8,44.0,76,10.7,33.1,27.4,30.2
2020-08-09,0,4.8,46.0,76,10.0,33.4,26,29.8
2020-08-10,0,4.6,73.0,76,9.3,33.8,26.7,29.9
2020-08-11,1.5,8.6,83.0,78,3.5,32.5,28.2,30.4
2020-08-12,22,5.3,88.0,88,0.9,30.2,26.2,27.9
2020-08-13,12.5,4.7,83.0,86,5.0,31.6,25.4,28.3
2020-08-14,1.5,4.0,59.0,80,8.7,32.9,26.3,29.1
2020-08-15,0,4.9,61.0,76,9.1,32.7,26.2,29.5
2020-08-16,3,4.4,79.0,76,9.5,32.6,24.9,29.1
2020-08-17,28,4.0,72.0,84,4.3,30.2,25,27.5
2020-08-18,54,7.2,74.0,85,1.5,29.9,25.2,26.8
2020-08-19,102.5,10.1,93.0,91,0.1,28.8,25.3,27.1
2020-08-20,0,3.6,75.0,83,9.0,31.8,26.7,29
2020-08-21,0,3.3,71.0,77,11.0,32.5,26.5,29.2
2020-08-22,0,3.5,51.0,77,9.4,33.8,25.8,29.5
2020-08-23,0,4.9,60.0,77,8.8,34.3,26.3,29.9
2020-08-24,1,9.8,59.0,76,11.3,35,27,30.6
2020-08-25,0,13.1,63.0,77,10.9,34.5,28.2,31.1
2020-08-26,6.5,11.3,77.0,81,7.8,33.6,26.7,30
2020-08-27,5,6.0,81.0,83,4.2,31.6,26.5,28.5
2020-08-28,0,4.5,79.0,82,5.0,34.1,26,29.8
2020-08-29,0.5,5.2,40.0,77,8.3,34.5,26.1,30.1
2020-08-30,0,4.0,58.0,80,6.1,33.5,26.4,29.6
2020-08-31,0.5,4.3,79.0,76,5.1,34.2,27.6,30
2020-09-01,0,4.8,55.0,76,8.8,35.4,26.3,30.4
2020-09-02,0.5,5.2,52.0,77,8.1,35.4,26.9,30.3
2020-09-03,9,4.8,49.0,78,7.1,34.6,26.4,29.7
2020-09-04,1,3.5,68.0,82,4.6,32.1,26.3,28.9
2020-09-05,25,4.6,74.0,83,3.8,32,24.8,28.3
2020-09-06,7,3.5,62.0,80,7.8,32,25.9,28.4
2020-09-07,1,4.0,84.0,82,4.4,32.1,26.5,28.5
2020-09-08,97,3.4,89.0,91,0.1,29.1,25.1,26.8
2020-09-09,0,2.4,84.0,86,1.4,31.7,25.7,27.4
2020-09-10,2.5,5.3,86.0,83,3.3,32.5,25.8,28.2
2020-09-11,7,5.4,78.0,81,3.0,32.6,26.3,28.7
2020-09-12,90.5,4.8,82.0,85,4.8,32.7,25.6,28.2
2020-09-13,1.5,5.0,86.0,83,8.2,31.9,25.1,28.1
2020-09-14,38.5,5.2,88.0,85,3.9,31.5,25.5,28.1
2020-09-15,88.5,5.5,88.0,92,0.3,29.8,25.6,27.4
2020-09-16,3.5,7.0,78.0,85,6.8,32.3,27.8,29.7
2020-09-17,32,8.6,88.0,87,3.3,31.8,26.5,29
2020-09-18,25,6.3,87.0,88,1.3,31.4,26,28.3
2020-09-19,31,6.0,88.0,92,1.8,30.5,25.7,27.5
2020-09-20,0,4.0,66.0,83,8.1,32.5,24.8,28.3
2020-09-21,22,5.2,88.0,91,2.3,30.3,25.6,27.8
2020-09-22,16.5,8.0,75.0,82,8.9,31,26,28.2
2020-09-23,0,5.8,81.0,77,8.9,32.3,26.5,28.9
2020-09-24,1,5.0,87.0,80,4.3,31.2,25.5,28
2020-09-25,0,6.8,69.0,76,4.5,30.6,24.7,27.3
2020-09-26,1,8.8,84.0,76,2.4,28.9,26.7,27.6
2020-09-27,2,6.9,86.0,81,2.7,29.4,26,27.4
2020-09-28,6.5,3.2,89.0,87,0.1,27.9,25.1,26.5
2020-09-29,0,4.4,76.0,89,2.1,29.6,25.9,27.5
2020-09-30,59,4.6,82.0,88,4.2,31.9,25.1,27.3
2020-10-01,0,8.1,80.0,77,5.0,29.3,25.2,27.1
2020-10-02,0,6.0,52.0,75,9.4,29.7,24.9,27.3
2020-10-03,0,4.3,33.0,75,9.7,31.2,24.8,27.5
2020-10-04,0,4.6,34.0,78,9.1,32.5,25.1,28.1
2020-10-05,28,7.1,73.0,79,5.7,30.5,25.5,27.7
2020-10-06,0,9.6,83.0,78,0.6,27.9,24.8,25.9
2020-10-07,0,10.8,85.0,70,0.2,26.4,23.6,24.7
2020-10-08,0,9.7,71.0,67,7.0,27.5,22.6,24.7
2020-10-09,0,9.6,54.0,64,10.6,28.8,22.9,25.7
2020-10-10,0,6.2,40.0,69,9.8,29.1,22.4,25.3
2020-10-11,0,6.4,46.0,73,10.7,30.2,23.7,26.3
2020-10-12,0,9.1,68.0,72,10.3,30.5,24.9,27.8
2020-10-13,28,15.9,88.0,86,0.4,27.4,23.9,25.3
2020-10-14,0,11.9,88.0,80,0.1,27.4,24.9,26.2
2020-10-15,0,11.3,75.0,73,7.1,29.3,25,26.5
2020-10-16,3,9.0,74.0,71,9.1,30.1,25,26.8
2020-10-17,0,10.3,78.0,72,4.8,27.5,23.5,25.2
2020-10-18,0,8.7,53.0,73,9.3,27.8,21.5,24.3
2020-10-19,0,11.5,83.0,70,6.1,27.4,21.7,24.1
2020-10-20,0,9.0,64.0,68,9.5,28,21.6,24.7
2020-10-21,0,11.6,69.0,63,10.7,27.4,20.9,24.2
2020-10-22,0,13.8,74.0,60,5.6,27.3,22.6,24.4
2020-10-23,0,12.8,85.0,51,2.2,24.8,21.7,23.6
2020-10-24,0,9.9,87.0,55,3.5,25.2,21.9,23.6
2020-10-25,0,8.1,81.0,69,6.0,27.1,22.5,24.1
2020-10-26,0,7.6,38.0,76,10.1,28.8,22.1,24.5
2020-10-27,0,9.4,45.0,73,10.2,29.3,22.3,25
2020-10-28,6,6.9,82.0,78,0.0,27,22.7,24.4
2020-10-29,0,8.8,88.0,74,0.9,26.5,22.6,24.5
2020-10-30,0,7.8,88.0,78,1.9,26.8,22.6,23.8
2020-10-31,0,6.6,55.0,71,5.3,26.3,21.2,23
2020-11-01,0,4.0,31.0,72,10.1,28.1,20.8,23.7
2020-11-02,0,7.7,51.0,64,9.7,28.6,20.1,24.4
2020-11-03,0,7.5,70.0,69,3.1,25.6,20.7,23
2020-11-04,0.5,7.5,59.0,69,9.6,25.7,19.8,22.3
2020-11-05,0.5,6.3,26.0,69,10.2,26,20.1,22.8
2020-11-06,0,3.4,28.0,68,10.1,29.9,18.9,23.9
2020-11-07,0,6.0,33.0,56,10.2,30.3,22.5,26.5
2020-11-08,0,11.3,81.0,59,3.1,27.3,23.2,25.6
2020-11-09,0,9.5,75.0,60,7.2,26,22.4,23.4
2020-11-10,0,8.1,87.0,61,0.0,23.7,21.3,22.3
2020-11-11,0,7.5,44.0,68,9.6,25.4,19.2,21.7
2020-11-12,0,6.4,17.0,66,10.1,26.2,18.6,21.6
2020-11-13,0,7.4,71.0,62,1.5,25.3,17.5,22.4
2020-11-14,0,8.3,88.0,65,0.5,24.6,21.6,22.9
2020-11-15,0,7.0,84.0,77,1.5,25.7,20.9,22.8
2020-11-16,0,6.2,34.0,75,10.1,28.5,20.6,23.7
2020-11-17,0,8.8,79.0,78,7.1,27.1,22.8,24.3
2020-11-18,0,6.1,85.0,81,6.1,29,23.2,25.3
2020-11-19,0,4.1,68.0,86,5.1,29.1,23.4,25.3
2020-11-20,0,4.0,66.0,84,7.1,30.1,23.4,26
2020-11-21,1,9.3,89.0,88,0.7,25.1,22.6,23.4
2020-11-22,1,4.0,48.0,83,8.0,28.9,22.3,25
2020-11-23,0.5,7.7,88.0,84,0.0,23.8,21.9,22.6
2020-11-24,0,8.5,78.0,79,6.0,26.5,21.7,23.1
2020-11-25,0,8.1,56.0,77,9.8,27.4,21.1,23.4
2020-11-26,0,5.4,30.0,77,9.7,28.7,20.3,23.9
2020-11-27,0,9.3,26.0,70,9.7,25.3,19.3,22
2020-11-28,0,8.2,81.0,68,5.2,22.6,16.8,19.6
2020-11-29,0,8.8,79.0,64,4.6,22.4,16.9,19.4
2020-11-30,0,8.3,64.0,65,6.9,22.4,15.2,18.5
2020-12-01,0,6.5,54.0,66,8.6,22.6,15.9,19.1
2020-12-02,0,7.0,28.0,65,9.5,22.4,15.1,19.1
2020-12-03,0,11.0,11.0,64,9.6,19.8,14,16.8
2020-12-04,0,11.0,14.0,63,9.6,18.4,12.5,15.4
2020-12-05,0,6.8,35.0,63,9.0,20.2,12.1,16.3
2020-12-06,0,4.6,26.0,69,9.6,22,12.9,16.8
2020-12-07,0,6.1,75.0,63,5.7,23.8,15.8,20.2
2020-12-08,0,7.6,83.0,64,2.9,22.4,16.4,19.3
2020-12-09,0,5.2,88.0,71,0.3,21.3,17.1,19.1
2020-12-10,0,4.6,88.0,78,1.9,24.2,18.4,21
2020-12-11,0.5,4.5,81.0,82,4.0,24.5,19.7,21.5
2020-12-12,0,4.7,88.0,84,0.7,21.9,19.9,20.6
2020-12-13,0,7.8,86.0,78,2.3,22.7,19.8,20.7
2020-12-14,0,7.5,88.0,80,0.8,20.9,13.7,18.2
2020-12-15,0,8.3,88.0,72,0.4,15.5,11.5,13.6
2020-12-16,0,6.1,88.0,71,0.0,14.9,11.2,13
2020-12-17,0,6.5,88.0,71,0.0,15.7,11.4,13.5
2020-12-18,0,9.4,81.0,68,8.0,19.7,12.8,15.5
2020-12-19,0,9.7,70.0,63,5.1,17.3,10.5,14
2020-12-20,0,10.5,80.0,59,5.6,18.6,11.3,14.5
2020-12-21,0,7.5,79.0,58,9.4,19.7,11.8,16
2020-12-22,0,6.1,84.0,66,3.4,20.1,13.5,16.9
2020-12-23,1.5,5.2,88.0,83,0.1,19.6,16.1,17.9
2020-12-24,0,5.8,67.0,76,7.4,24.5,17.2,20.4
2020-12-25,0,7.8,84.0,77,4.9,20.2,16.5,18.3
2020-12-26,0,10.1,42.0,79,9.4,22.1,16.2,18.7
2020-12-27,0,4.4,24.0,71,9.4,27.3,15.1,20.4
2020-12-28,0,6.4,46.0,69,9.3,24.7,14.3,19.3
2020-12-29,0,8.0,30.0,75,9.4,26,18.1,21.1
2020-12-30,0,18.1,21.0,50,9.5,22.4,9.7,14.6
2020-12-31,0,11.8,15.0,37,9.6,13.5,7,10.3
2021-01-01,0,7.2,14.0,40,9.6,15.4,6.9,10.3
2021-01-02,0,5.8,12.0,52,9.6,17.5,6,12.4
2021-01-03,0,5.9,54.0,65,9.2,22,12,16.5
2021-01-04,0,5.5,87.0,66,2.9,21.1,16.7,18.3
2021-01-05,0,4.8,60.0,65,5.3,22.9,16.3,18.6
2021-01-06,0,6.4,68.0,72,5.9,19.3,13.1,15.9
2021-01-07,0,10.8,88.0,67,2.0,17.1,9.6,14
2021-01-08,0,12.7,88.0,52,0.0,9.7,6.4,8.3
2021-01-09,0,9.0,84.0,38,2.7,12.4,6.9,10.2
2021-01-10,0,9.2,88.0,40,0.9,13.9,10.6,12.1
2021-01-11,0,12.4,88.0,44,0.0,11.8,8.8,10
2021-01-12,0,11.0,8.0,33,9.7,15.9,6.3,11
2021-01-13,0,3.3,11.0,48,9.7,18.6,3.4,10.5
2021-01-14,0,3.0,18.0,55,9.7,20.7,5.5,12.6
2021-01-15,0,3.3,26.0,59,9.7,22.2,9.6,15.2
2021-01-16,0,7.4,69.0,68,9.2,21.7,10.5,16.1
2021-01-17,0,11.5,39.0,58,9.0,19.2,13.5,16.3
2021-01-18,0,6.1,5.0,53,9.6,18.3,9.7,13.2
2021-01-19,0,6.0,50.0,64,4.6,18.5,9.2,14.4
2021-01-20,0,7.3,85.0,69,3.4,22.4,16,18.6
2021-01-21,0,5.0,69.0,73,5.0,24.6,16.5,19.7
2021-01-22,0,3.9,61.0,80,9.8,26.4,16.3,21.1
2021-01-23,0,5.8,24.0,78,8.5,26.3,15.8,20.1
2021-01-24,0,7.8,73.0,83,4.6,21,15.1,17.8
2021-01-25,0,5.4,28.0,74,9.9,24.1,15.9,19.3
2021-01-26,0,4.0,9.0,78,9.4,25.3,14.2,19
2021-01-27,0,6.4,46.0,77,8.3,22.6,16.5,18.5
2021-01-28,0,7.0,27.0,70,8.8,23.7,15,18.8
2021-01-29,0,9.5,11.0,60,10.1,19.7,13.4,15.9
2021-01-30,0,7.2,27.0,68,10.0,20.1,12.6,16.1
2021-01-31,0,5.6,31.0,67,10.2,22.5,12.5,17.9
2021-02-01,0,4.2,19.0,76,10.1,25.2,14.3,19
2021-02-02,0,6.5,21.0,76,10.2,27.5,14.6,19.6
2021-02-03,0,8.6,25.0,69,10.2,22.6,15.7,18.4
2021-02-04,0,5.8,11.0,68,10.2,24.9,13.8,18.8
2021-02-05,0,6.3,30.0,72,10.2,24.8,15.4,19.5
2021-02-06,0,3.7,3.0,73,10.2,28.2,12.7,19
2021-02-07,0,3.5,13.0,74,10.4,26.1,12.7,18.9
2021-02-08,0,8.8,75.0,79,2.1,23.9,15.4,19.5
2021-02-09,0.5,10.3,88.0,76,0.3,19.1,16.6,18.1
2021-02-10,30.5,8.9,90.0,89,0.0,17.4,15.3,16.2
2021-02-11,0,7.4,78.0,78,0.4,19.5,15.7,17.4
2021-02-12,0,4.7,28.0,69,9.8,23,12.3,17.3
2021-02-13,0,3.2,62.0,76,7.5,23,12.9,17.4
2021-02-14,1,3.3,28.0,75,10.4,25.1,13.6,18.6
2021-02-15,0,5.5,8.0,70,10.6,26.8,13.3,19.5
2021-02-16,0,5.9,20.0,71,10.6,24,16.1,19.6
2021-02-17,0,8.6,23.0,70,9.4,24.1,16,19.5
2021-02-18,0,7.7,18.0,65,10.4,22.2,15,17.9
2021-02-19,0,5.0,7.0,66,10.4,22.9,13.5,17.3
2021-02-20,0,3.5,40.0,73,10.4,24.2,11.7,17.4
2021-02-21,0,3.3,20.0,74,10.7,24.9,13,18.5
2021-02-22,0,4.1,8.0,78,10.6,26.3,14.4,19.9
2021-02-23,0,6.3,9.0,74,10.6,26.8,15.2,20.3
2021-02-24,0,9.2,88.0,79,2.9,21.3,18.4,19.9
2021-02-25,1,4.9,74.0,85,1.4,23.4,18.3,20.1
2021-02-26,11,3.8,84.0,86,2.6,26.7,18.5,21.7
2021-02-27,3,6.8,88.0,89,0.0,21.1,16.8,17.9
2021-02-28,0,6.4,86.0,83,2.5,22.6,17.1,19.6
2021-03-01,0,4.8,78.0,81,5.1,25.1,19.6,21.9
2021-03-02,0.5,9.0,59.0,75,8.7,23.2,17.9,20.5
2021-03-03,0.5,8.1,88.0,81,0.3,18.9,17.2,18
2021-03-04,3.5,6.2,93.0,87,0.0,19.9,17.5,18.5
2021-03-05,0,8.3,88.0,91,0.1,21.1,19.3,20.2
2021-03-06,3,6.7,93.0,93,0.1,22,19.7,20.7
2021-03-07,0,6.1,88.0,90,0.0,20.6,18.9,19.7
2021-03-08,2,7.3,83.0,83,3.6,20.8,17.5,19
2021-03-09,0,6.3,55.0,79,4.0,22.5,17.8,19.7
2021-03-10,0,8.1,87.0,79,1.2,20.9,18.1,19.6
2021-03-11,0,7.8,64.0,79,7.1,24,18.6,20.8
2021-03-12,0,5.0,32.0,77,10.3,28.5,18.2,22.6
2021-03-13,0,9.1,57.0,76,6.3,24.2,20.1,21.5
2021-03-14,0,5.9,76.0,80,3.9,22.3,19.5,20.8
2021-03-15,0,7.4,46.0,76,9.9,26.1,19.6,22.2
2021-03-16,0,5.4,22.0,78,10.2,28.2,19.1,23
2021-03-17,0,4.9,42.0,80,10.7,29.3,19.2,23.8
2021-03-18,2,6.1,81.0,87,3.6,25.4,21.6,23.1
2021-03-19,0,6.3,55.0,82,9.0,28.8,21.6,24
2021-03-20,0,4.2,32.0,81,10.6,30.1,20.6,24.5
2021-03-21,0,9.4,80.0,73,0.0,23.5,16.3,20.2
2021-03-22,0,11.3,87.0,61,1.9,19.7,15.4,17.2
2021-03-23,0,6.2,88.0,61,0.1,19.6,17.3,18.4
2021-03-24,0,6.0,86.0,68,3.8,24.6,17.2,20.4
2021-03-25,0,9.3,45.0,70,9.0,24.5,19.1,21.5
2021-03-26,0,7.9,65.0,75,6.9,25,19.1,21.2
2021-03-27,0,5.3,62.0,80,7.0,28.9,21.3,23.9
2021-03-28,0,8.6,46.0,80,8.0,28.9,20.7,24.8
2021-03-29,0,14.4,81.0,82,5.8,29.2,23.8,25.9
2021-03-30,0,12.5,81.0,78,3.8,30.4,24.6,27
2021-03-31,0,10.8,86.0,79,2.4,30.2,25.1,27
2021-04-01,0,9.5,80.0,79,3.7,30,24.9,27
2021-04-02,0,7.0,55.0,79,8.0,31,23.6,26.6
2021-04-03,0,6.7,47.0,74,8.1,31.9,21.8,26.3
2021-04-04,0.5,3.7,88.0,86,0.1,26.3,22.7,24
2021-04-05,0.5,6.5,88.0,84,0.4,22.7,21.3,21.9
2021-04-06,0,6.6,78.0,77,6.8,27.2,21.3,23.6
2021-04-07,0,8.0,81.0,76,4.8,25.4,21.4,22.6
2021-04-08,0,8.0,87.0,74,1.4,25.2,21.3,22.9
2021-04-09,8.5,6.6,88.0,82,0.1,21.3,18.5,19.9
2021-04-10,0,8.3,52.0,65,10.3,25.1,19,21.9
2021-04-11,0,6.5,55.0,73,7.4,27.1,20.3,22.7
2021-04-12,0,4.7,55.0,80,5.9,28,20,23.7
2021-04-13,0,5.2,27.0,77,10.9,30.8,20.9,25.3
2021-04-14,0,5.8,70.0,84,2.8,26.1,21.4,23.4
2021-04-15,4,7.3,95.0,91,0.0,22.6,20.9,21.8
2021-04-16,0.5,5.8,89.0,88,0.9,24.1,21.4,22.6
2021-04-17,1.5,3.7,88.0,88,0.0,23.1,21.8,22.5
2021-04-18,0,9.5,89.0,67,3.3,26.1,21.5,23.3
2021-04-19,0,10.5,88.0,67,1.8,24.9,21,22.3
2021-04-20,0,9.1,83.0,73,4.9,25.7,21.1,23
2021-04-21,0,7.4,33.0,74,10.8,27.9,20.8,24
2021-04-22,0,8.6,23.0,74,10.3,29.4,21.5,25
2021-04-23,0,5.6,22.0,75,11.0,33,21.7,27.1
2021-04-24,0,8.3,79.0,82,2.1,27.2,23.9,24.9
2021-04-25,1,7.1,84.0,85,0.8,28.2,21.9,24.3
2021-04-26,1,7.5,88.0,80,0.5,25.1,21.4,23.1
2021-04-27,7,5.1,88.0,90,0.0,24.1,22.1,23.1
2021-04-28,1,5.0,88.0,88,0.5,27.2,22.5,24.6
2021-04-29,0,5.7,84.0,74,4.7,30.1,21.2,24.1
2021-04-30,0.5,6.3,73.0,77,9.1,30.7,19.6,24.8
2021-05-01,0,6.5,83.0,76,5.7,30.9,22.2,26
2021-05-02,1.5,4.7,82.0,82,3.5,31,22.6,25.7
2021-05-03,7.5,7.7,95.0,89,0.1,25,22.1,23.8
2021-05-04,21.5,8.1,82.0,84,6.7,31.8,22.9,26.7
2021-05-05,0.5,6.6,74.0,79,9.0,31.5,22.3,26.6
2021-05-06,0,8.8,75.0,79,6.7,28.2,22.8,24.7
2021-05-07,0,6.8,81.0,77,10.1,30.8,21.9,26.4
2021-05-08,0,11.3,52.0,79,10.1,31.5,23.4,27.7
2021-05-09,0,13.4,64.0,79,8.2,32.6,26.7,28.6
2021-05-10,0.5,9.6,66.0,76,8.5,32.1,25.3,28.6
2021-05-11,0,11.3,74.0,77,5.2,32.5,27.6,29.6
2021-05-12,0,10.6,80.0,78,4.1,33.2,27.8,30
2021-05-13,2,8.8,85.0,79,5.0,32.6,27.9,29.7
2021-05-14,0,7.8,70.0,77,5.9,32.1,27.8,29.6
2021-05-15,0,10.0,44.0,74,10.8,33.3,27.4,30.1
2021-05-16,0,10.8,58.0,74,9.6,33.9,28,30.5
2021-05-17,0,11.6,74.0,75,6.5,34.2,28.9,30.8
2021-05-18,0.5,13.0,78.0,76,5.5,33.6,27.9,30.4
2021-05-19,0,10.4,76.0,75,6.3,33,28.8,30.7
2021-05-20,0,14.0,86.0,75,5.6,33.9,29.1,30.8
2021-05-21,1,15.2,80.0,75,7.8,33.6,28.7,30.6
2021-05-22,0,10.4,71.0,77,7.5,33.6,28.6,30.7
2021-05-23,0,8.1,72.0,74,11.4,34.9,27.5,30.9
2021-05-24,1.5,5.7,83.0,81,5.7,34,28,30.1
2021-05-25,26,3.9,85.0,83,3.8,30.5,25.5,28
2021-05-26,11.5,8.0,67.0,77,8.7,33,26.5,29.4
2021-05-27,0,14.3,71.0,76,10.6,33.5,28.4,30.6
2021-05-28,0,13.7,71.0,77,11.1,33.5,27.5,30.6
2021-05-29,0,16.3,84.0,79,7.8,32.8,28.9,30.5
2021-05-30,0,17.4,84.0,81,4.9,32.7,29.4,30.6
2021-05-31,11.5,12.4,88.0,84,1.6,32.5,25.8,29.5
2021-06-01,34.5,5.5,92.0,91,0.4,30.9,25,27.1
2021-06-02,2,5.4,85.0,85,1.3,31,24.7,27.9
2021-06-03,0,8.3,63.0,77,9.3,34,26.4,30.1
2021-06-04,2,7.2,87.0,84,0.9,31.1,26.3,28.7
2021-06-05,0,4.5,80.0,73,3.1,31.1,25.5,27.5
2021-06-06,0.5,4.2,64.0,74,5.9,31.4,24.2,27.8
2021-06-07,0,7.8,68.0,78,6.2,30.3,25.9,27.8
2021-06-08,0,8.0,84.0,79,10.1,32.7,26.9,28.8
2021-06-09,4,4.8,88.0,87,3.9,30.5,26.6,27.9
2021-06-10,8,7.3,82.0,83,6.8,31.9,25.8,28.8
2021-06-11,21.5,9.3,85.0,82,7.0,32.3,26.7,29.5
2021-06-12,39,11.1,88.0,89,0.8,29.9,26,28.3
2021-06-13,8,7.3,88.0,85,2.1,31.6,26.1,28.6
2021-06-14,1,8.0,88.0,81,3.6,32.3,27.8,29.6
2021-06-15,7,10.2,87.0,79,7.2,32,26.3,29.3
2021-06-16,0,15.4,82.0,76,6.2,33.2,28.9,30.7
2021-06-17,0,14.3,63.0,77,8.6,33.7,28.4,31.1
2021-06-18,3.5,16.6,66.0,77,9.5,32.9,29.1,30.6
2021-06-19,1.5,16.5,81.0,77,8.2,33,28.6,30.6
2021-06-20,0,16.8,84.0,78,8.3,33.2,29.4,30.8
2021-06-21,9.5,12.6,86.0,80,4.6,31.6,27.2,29.9
2021-06-22,16,9.0,88.0,87,0.3,29.9,24.8,27.7
2021-06-23,47.5,5.2,89.0,88,0.2,29,25.1,26.4
2021-06-24,33.5,3.6,90.0,91,0.2,27.3,24.7,25.8
2021-06-25,0.5,4.8,87.0,87,0.9,30.1,25.4,27.4
2021-06-26,18,5.8,89.0,90,0.8,30.5,26.1,28.2
2021-06-27,6,12.7,88.0,84,1.4,30.7,27.6,29.4
2021-06-28,81.5,8.9,92.0,89,0.1,30,24.7,28.1
2021-06-29,6.5,14.0,86.0,82,0.8,31.8,27.8,29.9
2021-06-30,0,15.1,88.0,79,3.5,32.7,29.2,30.3
2021-07-01,0,14.7,88.0,78,7.5,32.4,29.2,30.5
2021-07-02,0,13.8,87.0,77,8.0,32.8,29.5,30.7
2021-07-03,0,8.7,85.0,79,5.4,33.7,28.9,30.7
2021-07-04,0,6.1,81.0,79,7.5,33.8,27.5,30.4
2021-07-05,0,6.3,68.0,79,6.5,33.2,28.1,30.2
2021-07-06,1,6.0,74.0,80,6.1,33.3,26.6,29.6
2021-07-07,16,9.3,73.0,81,5.8,32,27.2,29.7
2021-07-08,0.5,8.3,49.0,79,7.0,32.7,27.9,29.8
2021-07-09,0,4.3,28.0,76,9.7,33.9,26.4,29.9
2021-07-10,0,6.2,60.0,76,11.7,33.2,26.1,29.8
2021-07-11,0,6.2,84.0,77,9.8,33.6,27.9,30.6
2021-07-12,1.5,6.2,73.0,75,10.2,33.8,27.5,30.5
2021-07-13,0,7.2,55.0,72,11.7,34.7,27.6,30.5
2021-07-14,0,5.3,47.0,75,8.0,33.6,27.1,30.3
2021-07-15,0,6.6,41.0,71,12.0,34.6,27.5,31
2021-07-16,1,4.0,81.0,78,0.5,31.6,27.1,29
2021-07-17,0.5,4.8,88.0,80,5.6,30.1,26.7,28.1
2021-07-18,32,7.8,88.0,90,0.4,30.5,24.5,27.9
2021-07-19,79,10.0,93.0,93,0.3,29.8,25.8,27.2
2021-07-20,166,6.1,95.0,94,0.0,27.6,24.2,26.3
2021-07-21,54,5.9,88.0,94,0.2,28.5,26,27.3
2021-07-22,0,6.2,66.0,80,11.7,34.1,26,29.9
2021-07-23,0,6.8,40.0,77,10.7,36.3,26.3,30.7
2021-07-24,40,6.2,70.0,82,6.3,34.9,27.4,29.7
2021-07-25,16.5,8.3,55.0,81,9.6,33.9,26,29.7
2021-07-26,1,8.6,53.0,78,9.9,34.1,28.8,30.9
2021-07-27,3,6.7,67.0,75,8.5,36.5,26.4,31.2
2021-07-28,0,8.2,76.0,79,6.4,34.4,27.9,30.7
2021-07-29,0.5,4.9,84.0,82,1.8,31.7,27.6,29.2
2021-07-30,23,7.3,85.0,83,0.6,30.9,26.5,28.7
2021-07-31,17.5,9.5,88.0,84,4.1,32.8,27.4,29.8
2021-08-01,8.5,9.8,83.0,83,5.3,33.5,27.3,29.8
2021-08-02,7,5.8,84.0,80,5.8,34.8,27.7,30
2021-08-03,12.5,7.0,82.0,88,0.9,29.8,27,28.5
2021-08-04,36.5,6.3,84.0,85,1.5,33.4,26.3,28.8
2021-08-05,21.5,5.9,88.0,90,0.1,30.2,26.5,28.1
2021-08-06,54,8.1,89.0,89,0.3,31,26.5,29
2021-08-07,3.5,7.5,86.0,85,3.2,33.6,27.5,29.2
2021-08-08,0.5,9.3,86.0,85,1.6,32.1,27.7,29.7
2021-08-09,17.5,8.9,88.0,85,1.7,29.8,27.3,27.4
2021-08-10,31,3.5,88.0,87,0.8,29.5,27.1,28.4
2021-08-11,11,5.9,87.0,84,5.6,33.2,27.4,29.6
2021-08-12,41.5,5.7,78.0,82,6.5,32.6,26,29
2021-08-13,7,8.1,80.0,83,6.4,31.4,26.3,28.5
2021-08-14,26.5,8.1,87.0,85,0.9,29.2,26,27.8
2021-08-15,18,4.5,83.0,87,1.2,30.7,25.8,27.3
2021-08-16,12,4.9,56.0,83,6.0,31.6,24.9,28
2021-08-17,0,7.5,42.0,78,11.1,33.4,26,29.4
2021-08-18,0,6.8,80.0,77,7.0,33.8,26.5,29
2021-08-19,0,3.9,72.0,84,5.6,31.7,26,28.4
2021-08-20,0,7.4,47.0,77,11.1,33,26,29.3
2021-08-21,0,10.9,68.0,76,11.2,33.7,26.5,30.1
2021-08-22,0,13.3,63.0,74,10.8,34,28.3,30.3
2021-08-23,0,11.6,61.0,75,9.9,33.2,28.3,30.3
2021-08-24,10.5,7.3,78.0,79,7.2,32.6,26.9,29.5
2021-08-25,0.5,4.9,84.0,79,7.7,32.8,26.9,29.2
2021-08-26,0,5.0,71.0,80,8.5,32.8,27.2,29.7
2021-08-27,27,5.0,82.0,89,0.5,28.8,22.9,25.4
2021-08-28,9,4.1,77.0,81,7.3,29.6,22.9,26.3
2021-08-29,19.5,5.1,86.0,83,4.0,31.6,25.7,28
2021-08-30,0,5.3,75.0,81,8.9,32.4,26.6,28.7
2021-08-31,10,3.3,87.0,88,1.4,29.5,25.5,27.3
2021-09-01,10,5.3,84.0,85,6.2,30.9,26.4,28.3
2021-09-02,0,5.2,74.0,80,10.1,31.9,26.9,29
2021-09-03,0,3.6,66.0,79,6.2,32.7,26.3,29
2021-09-04,0,4.4,49.0,79,5.1,33.3,26.2,29.1
2021-09-05,0,4.5,61.0,79,8.2,32.6,26.4,29.3
2021-09-06,0,4.8,73.0,77,6.8,34,26.2,29.4
2021-09-07,0.5,6.6,72.0,78,9.3,32.6,28,29.5
2021-09-08,0,5.0,66.0,74,11.0,33.8,26.3,29.7
2021-09-09,0,5.3,66.0,73,8.0,34,25.4,29.6
2021-09-10,0,5.5,79.0,71,10.5,33.4,27.3,30.1
2021-09-11,0,5.7,77.0,75,8.5,35.2,27.2,30.7
2021-09-12,0,7.5,78.0,76,9.6,36.2,29.4,32
2021-09-13,0,9.1,80.0,77,6.5,34.7,29.3,31
2021-09-14,7.5,4.3,81.0,83,1.5,32.4,26.9,28.7
2021-09-15,0,7.3,71.0,75,10.0,34.5,26.4,30.5
2021-09-16,9,4.3,86.0,77,3.2,34.4,25.9,28.9
2021-09-17,0,4.5,81.0,77,7.8,33.4,25.9,29.4
2021-09-18,0,7.4,69.0,79,9.1,33,27.7,30
2021-09-19,9,6.1,83.0,86,5.8,32,27.4,29.4
2021-09-20,4,3.1,80.0,84,7.3,32.4,26.2,28.4
2021-09-21,2.5,3.4,74.0,82,5.6,33.2,26.4,28.5
2021-09-22,0,4.1,66.0,77,10.3,33.4,26.3,29.5
2021-09-23,38.5,4.8,87.0,87,1.2,30.4,25.6,27.5
2021-09-24,3.5,6.8,76.0,81,6.8,32,27.1,29.6
2021-09-25,0,7.4,64.0,76,8.5,31.7,27.4,29.2
2021-09-26,0,5.1,86.0,72,5.3,31.4,26.4,28.6
2021-09-27,0,4.2,60.0,75,7.0,32.8,25.9,28.8
2021-09-28,0,5.5,66.0,75,6.0,33.2,26.3,29.5
2021-09-29,0,6.3,44.0,77,8.8,33.5,26.4,29.6
2021-09-30,0,6.6,38.0,78,8.3,34.5,27.1,30.2
2021-10-01,10,4.3,65.0,79,6.9,32.5,27.3,29.5
2021-10-02,0,4.5,68.0,74,8.2,33.4,25.9,29.3
2021-10-03,3,4.1,82.0,79,2.9,30.2,26.5,28.4
2021-10-04,0,7.1,51.0,71,8.5,32.2,27.4,29.3
2021-10-05,0,8.8,45.0,69,10.5,32.1,27.6,29.6
2021-10-06,0,9.8,63.0,69,6.9,31.8,26.5,29.3
2021-10-07,9.5,13.9,88.0,75,0.4,31.3,25,28.9
2021-10-08,347,12.2,96.0,94,0.0,27.5,24.9,25.7
2021-10-09,117.5,15.5,97.0,91,0.2,28.9,25.7,27
2021-10-10,25,7.2,89.0,86,0.0,28.7,25.3,27.2
2021-10-11,0,9.8,66.0,68,10.7,32.5,25,28.4
2021-10-12,0.5,16.7,84.0,65,0.6,26.7,23.3,25
2021-10-13,89,16.3,90.0,89,0.2,28.6,22.3,25.7
2021-10-14,11.5,7.0,88.0,86,5.2,31.2,26.5,28.1
2021-10-15,5.5,6.3,92.0,85,0.0,26.8,25.2,25.9
2021-10-16,0,10.0,57.0,73,8.6,29.4,23.7,26.3
2021-10-17,0,14.0,82.0,68,8.2,25.9,21.3,23.4
2021-10-18,0,6.4,59.0,70,4.6,27.1,19.7,22.6
2021-10-19,0,4.5,39.0,75,9.7,28.2,20.9,24.5
2021-10-20,0,6.4,49.0,78,10.3,29.8,24.2,26.6
2021-10-21,0,6.2,76.0,80,1.8,28.3,18.6,23.2
2021-10-22,1.5,8.6,88.0,77,0.0,19.2,16.6,17.9
2021-10-23,0,7.8,95.0,75,0.8,21.3,16.9,19.2
2021-10-24,0,8.6,61.0,69,7.8,25.2,18.3,21
2021-10-25,0,7.1,49.0,66,7.4,26.9,18.6,22.4
2021-10-26,0,6.2,68.0,69,8.6,28.3,21.2,24.6
2021-10-27,0,5.8,86.0,76,1.3,28,23.4,25.2
2021-10-28,0,5.9,87.0,77,4.8,27.1,23.9,25.1
2021-10-29,0,7.2,84.0,76,8.4,28.1,23.6,25.2
2021-10-30,0,7.2,88.0,81,1.5,25.1,22.8,23.8
2021-10-31,0,5.8,75.0,75,4.1,26.7,22.3,23.7
2021-11-01,0.5,6.9,63.0,76,9.3,27.7,22.6,24.7
2021-11-02,0,6.9,74.0,76,6.9,27.1,23.6,24.6
2021-11-03,0,6.4,65.0,75,8.6,27.7,23.2,24.8
2021-11-04,0,6.6,61.0,78,9.0,28.4,23.5,25.5
2021-11-05,0,5.4,61.0,84,4.4,29.2,23,25.5
2021-11-06,0,1.9,23.0,79,10.2,31.2,21.8,25.8
2021-11-07,0,5.1,38.0,83,8.5,28,22.7,25.1
2021-11-08,0.5,13.8,35.0,61,9.4,24.8,17.1,19.8
2021-11-09,0,8.7,76.0,50,7.8,22.2,15.9,18.7
2021-11-10,0,6.7,41.0,41,8.9,24,15.9,19.5
2021-11-11,0,3.9,64.0,47,7.9,24.6,14.9,19.3
2021-11-12,0,5.8,54.0,51,9.5,25.9,17.6,21.7
2021-11-13,0,6.8,46.0,49,9.6,25,18.6,21.6
2021-11-14,0,5.3,23.0,59,10.0,24.4,16.3,20.1
2021-11-15,0,4.5,59.0,65,8.1,24.4,17.3,20.3
2021-11-16,0,5.0,41.0,71,9.9,26.9,18,22.4
2021-11-17,0,5.5,65.0,74,4.3,25.8,20,23
2021-11-18,0,5.9,45.0,69,9.7,26.1,19.3,21.8
2021-11-19,0,3.7,71.0,77,3.8,25.2,18.4,21.9
2021-11-20,0,8.0,48.0,77,9.5,26,21.8,23.5
2021-11-21,0,5.8,56.0,82,4.0,26.4,21,23.3
2021-11-22,3.5,8.3,80.0,76,0.3,22,15.3,18.6
2021-11-23,0,8.6,89.0,69,0.0,17.2,12.9,15
2021-11-24,0,5.9,55.0,65,7.8,21.9,15,17.7
2021-11-25,0,3.2,34.0,64,7.8,24.7,14.2,18.8
2021-11-26,0,4.6,24.0,64,9.6,25.6,15.4,20.3
2021-11-27,0,6.1,52.0,63,9.7,24.8,16,20.4
2021-11-28,0,4.9,38.0,69,9.7,25.4,16,20.4
2021-11-29,0,4.2,10.0,67,9.7,26.7,15.8,20.9
2021-11-30,0,12.2,21.0,59,9.4,24.9,16.1,20.5
2021-12-01,0,12.6,23.0,40,9.7,20.2,14.1,17
2021-12-02,0,6.8,11.0,42,9.6,21,11.9,16.2
2021-12-03,0,7.9,9.0,35,9.7,21.7,10.8,17.1
2021-12-04,0,7.2,37.0,46,9.6,21.6,13.9,17.2
2021-12-05,0,5.0,31.0,55,9.5,22.4,13.1,17.6
2021-12-06,0,4.3,7.0,59,9.6,22.8,11.1,16.4
2021-12-07,0,6.7,56.0,65,6.2,23.6,12.5,18.4
2021-12-08,0,7.4,19.0,67,9.6,23.6,15.7,19.9
2021-12-09,0,4.4,17.0,72,9.6,24.3,15.7,19.6
2021-12-10,0,6.2,30.0,73,9.5,24.6,15.1,19.8
2021-12-11,0,4.9,26.0,74,9.6,25.8,17.9,21.2
2021-12-12,0,5.2,20.0,75,9.5,26,16.7,21.1
2021-12-13,0,7.0,53.0,67,6.6,21.6,15.2,18.3
2021-12-14,0,5.4,71.0,72,7.0,24.5,16.5,20.2
2021-12-15,0,4.4,87.0,78,2.7,22.7,19.3,21.1
2021-12-16,1.5,4.0,69.0,81,4.1,25.9,21.1,22.9
2021-12-17,0,10.1,70.0,69,0.9,23.6,17.5,21
2021-12-18,0,12.7,88.0,58,6.1,20.4,15.8,17.6
2021-12-19,0,11.0,88.0,51,1.2,19.2,15,17.1
2021-12-20,10,9.6,91.0,78,0.0,18.9,14.5,16.1
2021-12-21,5,9.1,77.0,88,0.1,18.5,15.4,16.5
2021-12-22,0,5.3,89.0,80,2.0,21.3,16.2,18.9
2021-12-23,1,3.8,88.0,77,2.9,22.4,18.3,19.8
2021-12-24,3,2.6,84.0,84,1.0,22.9,17.7,19.6
2021-12-25,0,7.7,66.0,75,3.7,21.2,16.8,18.9
2021-12-26,3.5,10.8,92.0,78,0.5,17.4,10.9,14.1
2021-12-27,2.5,8.4,88.0,81,1.4,12.5,8.5,10.7
2021-12-28,0,5.4,89.0,74,0.4,17.6,11.1,14.5
2021-12-29,0,5.2,65.0,74,6.9,23.1,15.2,18.1
2021-12-30,0,5.9,51.0,77,8.7,21.8,15.1,17.7
2021-12-31,0,6.0,76.0,78,4.2,20.5,16.4,17.6
2022-01-01,0,4.6,68.0,76,1.6,19.6,14.2,16.8
2022-01-02,0,4.0,10.0,77,9.5,22.8,12.9,17.4
2022-01-03,0,3.8,27.0,79,8.0,21.8,15.1,17.7
2022-01-04,0,4.7,49.0,75,8.7,23.3,14.1,18.8
2022-01-05,0,4.8,50.0,75,8.8,25.2,17.7,20.4
2022-01-06,0,6.9,54.0,80,8.1,23.2,15.9,19.4
2022-01-07,0,5.3,51.0,79,4.4,21.7,15.7,18.2
2022-01-08,0,4.9,34.0,75,9.5,20.2,13.6,16.8
2022-01-09,0,3.9,70.0,79,2.0,21.1,14.2,17.3
2022-01-10,0,4.9,78.0,76,3.8,21.3,15.1,17.9
2022-01-11,4,9.8,44.0,70,9.6,18.3,13,15.3
2022-01-12,0,5.6,84.0,72,1.4,16.8,13.4,15.3
2022-01-13,0,7.3,90.0,64,0.7,18.6,14.3,16.5
2022-01-14,0,8.0,84.0,75,0.1,17.3,13.3,15.9
2022-01-15,0,7.0,68.0,82,8.0,21.3,16.6,18.1
2022-01-16,0,5.0,59.0,82,4.7,21.8,16.6,18.5
2022-01-17,0,5.3,82.0,84,0.0,18.6,16.3,17.8
2022-01-18,0.5,5.8,89.0,82,1.1,17.8,15.1,16.6
2022-01-19,0,5.5,49.0,70,8.7,20.8,13,16.2
2022-01-20,0,5.0,54.0,73,7.6,20.9,12,16.5
2022-01-21,0,6.1,69.0,80,4.1,20,14.6,17.4
2022-01-22,1,6.3,94.0,91,0.0,18.5,17.2,17.7
2022-01-23,0,5.4,87.0,84,1.8,22.6,17.9,19.8
2022-01-24,1.5,5.9,86.0,88,1.2,22.3,18.9,19.9
2022-01-25,0,5.5,77.0,82,2.5,19.5,16.8,18.3
2022-01-26,1,6.3,88.0,83,3.4,21.8,17.9,19.5
2022-01-27,0,5.3,61.0,84,7.0,24.1,18.7,20.5
2022-01-28,0,7.6,89.0,86,0.0,19.7,18,18.8
2022-01-29,0,5.3,88.0,81,0.4,21.3,16.3,18.4
2022-01-30,0,9.8,58.0,64,7.0,18.7,12.3,15
2022-01-31,0,9.5,88.0,70,0.0,13.8,12.1,13
2022-02-01,2,6.2,89.0,84,0.0,14.6,11.2,12.8
2022-02-02,1.5,5.7,98.0,88,0.0,15.4,13.2,14.5
2022-02-03,0.5,7.3,93.0,85,0.1,13.4,10.6,12.1
2022-02-04,0,9.2,65.0,69,4.7,17.7,10.4,13.4
2022-02-05,0,8.1,87.0,69,1.5,16.8,12.1,14.2
2022-02-06,0,8.1,87.0,75,4.5,18.6,13.9,15.8
2022-02-07,0,8.8,94.0,85,0.0,17.5,15,16.2
2022-02-08,0,7.1,88.0,78,1.1,17.7,14.6,16.3
2022-02-09,0,5.8,88.0,77,0.0,17.4,14.3,15.9
2022-02-10,0,6.6,90.0,81,0.0,17.9,15,16.6
2022-02-11,0,8.8,45.0,81,10.4,22.6,16.3,18.8
2022-02-12,0,5.1,80.0,83,7.0,23.6,17.5,19.4
2022-02-13,1.5,5.5,91.0,86,0.0,18.8,13.7,16.9
2022-02-14,1,7.0,59.0,75,8.9,22.1,13,16.6
2022-02-15,0,5.6,53.0,77,6.7,21.9,15.2,17.4
2022-02-16,0,7.8,74.0,77,3.9,18.6,15.2,16.7
2022-02-17,5,9.5,88.0,86,0.0,17.1,15.2,15.7
2022-02-18,0,12.0,88.0,84,0.1,16.5,15.2,15.9
2022-02-19,31,9.4,90.0,92,0.0,15.8,9,11.8
2022-02-20,57.5,11.5,97.0,94,0.0,9.2,7.8,8.2
2022-02-21,47,7.7,100.0,95,0.0,9.5,7,8.4
2022-02-22,43,7.7,100.0,96,0.0,11.3,8.4,9.8
2022-02-23,8.5,9.5,78.0,77,6.1,16,8.7,11.7
2022-02-24,0,6.3,60.0,72,6.7,16.3,9,12
2022-02-25,0,4.5,45.0,70,8.0,20.6,9.7,14.5
2022-02-26,0,4.7,23.0,76,9.6,23.2,11,16.3
2022-02-27,0,6.1,30.0,79,10.6,22.2,11.8,16.8
2022-02-28,0,8.2,71.0,70,9.2,23.3,15.7,19.2
2022-03-01,0,5.0,56.0,77,8.9,27.9,18.5,21.9
2022-03-02,0,7.9,47.0,83,8.0,26.9,17.1,20.3
2022-03-03,0,11.3,56.0,76,6.4,22.3,17.5,19.4
2022-03-04,0,4.8,34.0,77,9.6,26.9,17.1,21.4
2022-03-05,0,5.3,39.0,84,8.2,27.7,17.6,21.8
2022-03-06,0,14.2,84.0,77,3.7,22.3,17.3,19.2
2022-03-07,4,10.1,62.0,70,4.5,24.1,17.1,19.9
2022-03-08,0,9.5,14.0,53,11.0,20.5,13.7,16.8
2022-03-09,0,8.0,14.0,57,11.0,24,12.5,18.1
2022-03-10,0,6.9,27.0,60,10.9,24.9,16,20.3
2022-03-11,0,4.2,40.0,71,9.9,26.6,15.6,20.9
2022-03-12,0,5.4,53.0,68,10.3,26,17.3,21.6
2022-03-13,0,4.8,47.0,75,10.1,27.7,20.2,23.3
2022-03-14,0,5.2,30.0,78,10.5,30.4,19.9,24.2
2022-03-15,0,5.4,43.0,80,10.4,30,19.7,23.8
2022-03-16,0,8.4,87.0,79,2.0,24.8,21.2,22.4
2022-03-17,0.5,6.2,79.0,85,5.9,28.7,22.3,24.7
2022-03-18,0.5,3.3,61.0,84,8.2,29.2,21.3,24.9
2022-03-19,0,6.2,75.0,85,5.1,26.7,22,23.5
2022-03-20,0.5,9.5,88.0,88,0.0,23,20.2,21.3
2022-03-21,0,7.3,88.0,89,0.2,24.8,21.6,23
2022-03-22,1,5.7,95.0,93,0.4,27.9,22.2,24.4
2022-03-23,60,7.3,91.0,94,0.0,22.6,15.6,17.2
2022-03-24,3,10.2,93.0,91,0.0,18.9,15.9,17.7
2022-03-25,1,12.7,92.0,90,0.3,27,18.9,23.7
2022-03-26,0,13.3,88.0,86,0.7,28.2,25.6,26.4
2022-03-27,0,7.1,88.0,83,0.0,26.2,17.9,21.7
2022-03-28,36.5,5.8,88.0,89,0.0,17.9,15.7,17
2022-03-29,0.5,5.7,86.0,82,0.5,20.4,17.3,19.1
2022-03-30,0,4.5,82.0,74,4.3,26.1,19.8,22.9
2022-03-31,0,7.5,56.0,69,8.5,29,21.4,24.4
2022-04-01,1.5,11.1,90.0,83,0.0,21.8,15,19
2022-04-02,2,11.7,88.0,76,0.0,15.8,13.4,14.9
2022-04-03,0,10.2,32.0,54,9.5,23.1,15.1,18
2022-04-04,0,6.6,5.0,53,11.1,25.2,13.8,19.2
2022-04-05,0,5.4,17.0,64,11.0,27,15.4,21
2022-04-06,0,5.0,15.0,70,10.9,26.4,16.6,21.4
2022-04-07,0,7.0,19.0,68,10.7,27.5,18.4,22.5
2022-04-08,0,7.1,8.0,50,10.9,28.9,17.9,23.2
2022-04-09,0,8.1,7.0,65,11.0,27.5,19.5,22.8
2022-04-10,0,4.5,13.0,67,11.1,28.7,18,23
2022-04-11,0,3.4,49.0,74,6.2,28.8,20.5,24.4
2022-04-12,0,4.4,31.0,77,9.6,29.7,20.4,24.6
2022-04-13,0,7.3,70.0,81,4.5,28,22.7,25.4
2022-04-14,0.5,6.0,36.0,69,10.1,30.2,22,25.5
2022-04-15,0,11.0,52.0,69,10.6,25.7,22.1,23.7
2022-04-16,0,10.3,87.0,73,1.1,22.7,21,21.5
2022-04-17,0,9.1,85.0,72,2.9,23.5,19.2,21
2022-04-18,0,6.2,88.0,76,0.1,23.2,20.3,21.4
2022-04-19,1,5.4,88.0,83,0.0,20.3,18.1,19
2022-04-20,0,4.9,86.0,75,4.9,25.9,19,21.4
2022-04-21,0,4.7,83.0,78,8.6,27.8,21,23.7
2022-04-22,0,4.9,87.0,84,2.5,28.6,23.2,25.4
2022-04-23,0,7.3,76.0,81,8.6,30.6,23.9,27
2022-04-24,0,6.9,80.0,79,6.0,30.8,25.6,27.4
2022-04-25,0,7.8,79.0,79,3.9,30.2,25.8,27.9
2022-04-26,0,7.5,88.0,80,2.1,31,25.8,28
2022-04-27,0,6.5,61.0,78,7.7,31.8,26.2,28.7
2022-04-28,0,7.1,60.0,79,6.1,31.7,26.7,28.3
2022-04-29,0,5.2,71.0,79,9.4,32.3,24.9,28
2022-04-30,19.5,6.2,83.0,85,0.0,26.4,24.1,24.9
2022-05-01,40,11.7,94.0,89,0.0,24.3,17.2,20.1
2022-05-02,29,8.5,93.0,84,0.0,20.9,16.4,18.6
2022-05-03,0,6.5,61.0,62,11.3,26.5,17.8,22.1
2022-05-04,0,7.2,48.0,63,11.0,27.9,19.8,24
2022-05-05,0,6.6,76.0,73,10.7,28.5,22.1,24.8
2022-05-06,0,6.9,73.0,76,10.8,28.5,22.4,25.1
2022-05-07,2,5.0,85.0,77,4.7,29.4,23,25.1
2022-05-08,0,5.7,83.0,70,1.8,26.7,22,24.7
2022-05-09,0,7.2,86.0,75,4.9,28.6,23.8,25.2
2022-05-10,9,5.6,88.0,88,1.0,27,24.1,25.7
2022-05-11,73.5,5.5,91.0,95,0.0,26.7,24.6,25.5
2022-05-12,200.5,7.8,96.0,91,0.0,26.9,24.3,25.7
2022-05-13,81.5,8.0,92.0,92,0.5,28.8,24.8,26.4
2022-05-14,2,5.8,89.0,93,0.3,26.4,24,25
2022-05-15,26,9.0,91.0,91,1.0,24.4,20.8,23
2022-05-16,4,8.8,85.0,85,0.0,20.9,19.1,20.2
2022-05-17,0,7.6,67.0,72,5.4,27.1,19.8,22.5
2022-05-18,0,6.0,71.0,52,4.9,27.4,19.6,23.9
2022-05-19,0,5.4,77.0,64,7.1,30,22.9,25.8
2022-05-20,0,6.5,55.0,76,9.6,30.4,24.4,26.8
2022-05-21,0,5.9,72.0,78,9.5,30.3,23.3,26.5
2022-05-22,0.5,6.5,88.0,83,1.5,26.2,24.2,25
2022-05-23,4.5,6.0,89.0,90,0.0,25.3,23.6,24.5
2022-05-24,12,4.0,92.0,93,0.1,26,24.2,25.2
2022-05-25,1,5.1,90.0,91,1.8,28.4,24.5,26
2022-05-26,1,4.2,86.0,88,3.6,30,25.3,27.1
2022-05-27,20.5,5.0,88.0,89,0.0,28.9,26,27.2
2022-05-28,2.5,7.8,78.0,81,5.2,30.8,26.4,28.7
2022-05-29,8,6.4,80.0,79,7.9,32.6,26.5,29.1
2022-05-30,2,4.9,84.0,78,7.4,31.9,26.1,28.5
2022-05-31,4.5,5.2,87.0,82,2.6,30.8,26,27.9
2022-06-01,0,8.0,88.0,81,2.1,32.1,26.6,28.7
2022-06-02,1,13.0,85.0,80,4.2,32.3,26.8,29.4
2022-06-03,5.5,12.5,86.0,81,1.1,30.8,27.5,29.2
2022-06-04,0.5,16.5,87.0,78,6.3,31.9,28.1,29.7
2022-06-05,0.5,16.8,87.0,78,6.5,31.5,28.6,29.6
2022-06-06,34,11.3,88.0,83,1.8,31.7,26,28.7
2022-06-07,46,7.2,86.0,86,0.5,30.1,24.8,27.2
2022-06-08,79.5,4.1,86.0,93,0.0,27.6,24.6,25.7
2022-06-09,31,6.4,88.0,90,0.5,29,24.7,26.7
2022-06-10,11,8.9,88.0,92,0.0,28.4,25.2,27
2022-06-11,50.5,5.0,88.0,89,0.2,29.7,25.4,27.2
2022-06-12,***,12.8,88.0,84,1.6,***,***,***
2022-06-13,0,17.3,87.0,80,2.7,30.7,28.6,29.4
2022-06-14,20.5,10.4,88.0,87,0.0,29.8,28.2,28.6
2022-06-15,16,6.8,88.0,88,1.4,***,***,***
2022-06-16,20,10.0,88.0,84,1.5,30.4,26.5,28.9
2022-06-17,1,15.7,88.0,79,4.5,30.9,27.6,29
2022-06-18,4,8.9,88.0,81,0.3,30.1,27.2,28.6
2022-06-19,4.5,10.8,88.0,81,2.3,31.2,26.8,29.3
2022-06-20,14,11.3,88.0,80,1.0,30.7,27,29.1
2022-06-21,0,10.7,88.0,80,0.4,31,28,29.3
2022-06-22,0,8.1,85.0,78,4.3,33,27.2,29.7
2022-06-23,0,7.5,55.0,74,10.7,33.3,26.7,29.9
2022-06-24,0,8.4,63.0,73,11.6,33.8,26.1,30
2022-06-25,0,10.7,70.0,74,11.6,33.4,27.2,29.7
2022-06-26,0.5,8.5,70.0,74,10.6,33.3,26.5,29.9
2022-06-27,0,8.5,73.0,73,9.2,33.5,27.2,29.9
2022-06-28,0,5.4,59.0,71,11.8,33.7,26.7,30
2022-06-29,1,5.8,82.0,78,7.1,33.3,27.5,29.5
2022-06-30,39.5,8.2,89.0,89,0.3,30.7,25.4,27.7
2022-07-01,50,16.3,88.0,85,2.5,31.4,25.2,27.7
2022-07-02,113,17.5,90.0,89,0.2,28.6,25.8,27.1
2022-07-03,2.5,17.5,88.0,82,1.0,30.9,27.8,29.4
2022-07-04,3,19.6,88.0,83,0.0,29.9,27.4,29
2022-07-05,2,15.7,88.0,82,0.1,30.6,28.3,29
2022-07-06,6.5,10.3,88.0,81,0.6,30.5,26.5,28.5
2022-07-07,11,4.4,87.0,86,1.8,31.8,26,28.4
2022-07-08,0,6.7,70.0,79,10.8,32.8,27.1,29.6
2022-07-09,0,7.4,75.0,81,4.8,33.5,28.1,30
2022-07-10,3,7.3,58.0,77,11.3,33.2,27.9,30.2
2022-07-11,0,4.0,30.0,73,11.6,34.5,26.6,30.3
2022-07-12,0,5.2,22.0,72,11.2,33.9,26.6,30
2022-07-13,0,5.7,32.0,71,10.7,34.9,26.1,30.2
2022-07-14,0,7.0,76.0,75,7.8,34.6,27,30.4
2022-07-15,0,10.1,85.0,77,7.1,34,27.4,30.5
2022-07-16,4.5,15.5,81.0,77,7.7,33.3,28.2,30.4
2022-07-17,6,16.9,85.0,76,8.9,32.8,28.4,30.5
2022-07-18,0.5,14.2,88.0,78,6.4,33.4,28.7,30.7
2022-07-19,1,7.8,88.0,75,7.8,33.2,28,30.6
2022-07-20,1,7.3,69.0,76,7.0,33.2,28,30.4
2022-07-21,5,5.7,41.0,74,9.7,33.9,26.7,30.1
2022-07-22,0,6.2,14.0,72,12.2,37,26.1,31.2
2022-07-23,0,9.5,20.0,74,11.5,35.9,27.9,31.8
2022-07-24,0,8.5,22.0,72,11.8,36.9,28,32.3
2022-07-25,0,9.0,31.0,74,10.5,36.4,29.4,32.2
2022-07-26,0,7.9,35.0,71,10.4,34.9,28.7,31.3
2022-07-27,0,8.9,27.0,69,10.6,35.4,27.4,31.1
2022-07-28,0,9.3,26.0,73,10.6,37.2,28.3,31.7
2022-07-29,0,6.9,57.0,74,8.6,36.8,27.9,31.5
2022-07-30,30.5,3.8,85.0,81,0.6,31.8,24.6,28.5
2022-07-31,4,6.7,47.0,76,10.4,34.5,26.4,30.2
2022-08-01,0,7.5,47.0,69,11.5,35,27.4,31.2
2022-08-02,0,5.7,63.0,70,10.3,34.7,26.8,30.3
2022-08-03,21.5,3.4,85.0,82,0.8,33.2,25.7,28.1
2022-08-04,38,3.4,83.0,86,0.2,29,26,26.9
2022-08-05,129,4.0,89.0,94,1.3,30.9,25,26.6
2022-08-06,0,4.3,81.0,89,5.3,31.7,25.8,28.4
2022-08-07,2.5,8.0,71.0,82,9.0,33,26.9,30.2
2022-08-08,19.5,5.3,86.0,87,1.9,31.8,26.9,28.5
2022-08-09,90.5,11.9,88.0,88,0.3,28.9,25.3,27
2022-08-10,41,13.3,90.0,90,0.9,30.2,26.7,28.2
2022-08-11,21,8.4,88.0,90,1.2,30.5,25.7,27.4
2022-08-12,61,3.4,84.0,93,0.1,27.4,25.2,26.2
2022-08-13,0,3.2,57.0,81,5.3,32.2,24.6,27.9
2022-08-14,25.5,4.2,27.0,78,10.0,33.1,25.2,28.7
2022-08-15,0,4.6,57.0,78,7.6,33.8,25.9,29.7
2022-08-16,3,5.8,72.0,82,6.5,32.7,27.2,29.5
2022-08-17,17,4.7,84.0,86,4.1,31.6,26,28
2022-08-18,20,3.4,84.0,87,1.8,31.2,26.1,28
2022-08-19,16,5.4,87.0,85,3.5,31.4,26.3,28.2
2022-08-20,9,10.0,74.0,83,6.2,31.1,26.4,28.5
2022-08-21,6,6.8,71.0,84,5.9,32.5,27.1,29.3
2022-08-22,0,6.8,41.0,77,10.6,34,26.5,30.1
2022-08-23,0,4.0,28.0,77,10.1,36.3,26.7,31.5
2022-08-24,5,10.5,69.0,73,6.3,34.8,26.2,30.7
2022-08-25,54.5,11.2,87.0,85,1.8,30.1,24.7,27.2
2022-08-26,10.5,5.8,66.0,80,7.7,32.4,26.8,29.2
2022-08-27,0,5.6,60.0,78,10.8,35,26.1,30.1
2022-08-28,0,6.8,57.0,80,10.9,34.9,26.8,30.2
2022-08-29,0,4.4,81.0,78,3.2,32.9,28,29.6
2022-08-30,1,3.6,65.0,80,6.6,33.3,26.8,29.2
2022-08-31,2,3.1,70.0,80,6.0,33.6,26.4,29.1
2022-09-01,11,4.5,71.0,78,7.2,34,26.2,29
2022-09-02,0,8.2,78.0,63,8.0,32.5,26.3,29.3
2022-09-03,0,7.1,30.0,54,11.1,33,26.5,29.9
2022-09-04,0,7.1,26.0,55,11.0,33.5,27.1,29.9
2022-09-05,0,4.8,38.0,52,10.2,34.5,26.1,29.9
2022-09-06,0,5.3,51.0,61,8.9,34,25.1,29.4
2022-09-07,32.5,6.1,86.0,81,0.5,29.3,25.9,28
2022-09-08,0,7.1,66.0,70,10.3,32.4,26.9,29.1
2022-09-09,0,4.3,44.0,55,11.0,33.7,25.2,28.9
2022-09-10,0,4.9,59.0,76,4.7,31.8,25.5,28.4
2022-09-11,0,4.0,43.0,78,8.6,34.1,26.2,29.6
2022-09-12,0,2.9,23.0,66,10.3,35.4,26.1,30
2022-09-13,0,2.9,5.0,56,11.0,35.8,24.6,29.8
2022-09-14,0,3.6,16.0,46,10.5,35.2,25.1,29.8
2022-09-15,0,5.6,10.0,52,11.0,34.4,24,29.5
2022-09-16,0,3.3,36.0,63,8.9,34.4,25.2,29.6
2022-09-17,1,6.1,23.0,69,10.5,35.1,25.3,30
2022-09-18,14,5.0,53.0,77,6.9,34.5,26.1,29.8
2022-09-19,3,6.8,79.0,77,5.7,33.7,25.1,28.6
2022-09-20,0,5.6,78.0,79,3.1,31.5,26,28.5
2022-09-21,0,8.0,71.0,72,9.8,30.5,26.7,28.2
2022-09-22,0,5.9,52.0,73,9.5,30.7,26.1,28.1
2022-09-23,2,4.0,53.0,77,5.7,32.3,24.8,28
2022-09-24,0,7.3,75.0,71,9.3,30.7,26,28
2022-09-25,0,5.5,39.0,71,9.6,32.3,25.7,28.2
2022-09-26,0,7.3,62.0,70,10.4,33.1,25.7,28.8
2022-09-27,0,11.8,86.0,72,4.0,31.9,27.8,29.2
2022-09-28,0,11.4,81.0,73,6.7,31.5,27.6,29
2022-09-29,23.5,8.5,84.0,81,2.9,31.4,24.8,28.3
2022-09-30,108.5,5.9,88.0,91,0.1,28.7,25,26.7
2022-10-01,2.5,5.7,85.0,86,3.8,30.7,25.5,28
2022-10-02,0,5.6,77.0,81,4.9,31.4,27.5,28.9
2022-10-03,0,4.4,33.0,76,10.8,32.5,26.3,29
2022-10-04,0,3.5,33.0,76,6.6,32.8,25,28.4
2022-10-05,0,7.0,54.0,75,7.2,31.7,25.6,28.5
2022-10-06,0,8.5,53.0,74,9.4,31.4,26.9,28.6
2022-10-07,4.5,6.1,65.0,77,8.9,31.4,24.8,28.1
2022-10-08,0.5,6.9,71.0,71,9.1,29.3,24.4,26.6
2022-10-09,5.5,8.6,49.0,71,9.3,31.3,23.3,27.1
2022-10-10,0,12.8,45.0,51,6.0,26.4,21.4,23.9
2022-10-11,0,5.7,16.0,48,10.7,26.6,19.4,22.7
2022-10-12,0,5.9,23.0,50,10.7,28.1,19.5,23.5
2022-10-13,0,5.6,64.0,60,8.0,29.4,20.3,25
2022-10-14,0,6.5,21.0,66,10.5,30.2,23.6,26.2
2022-10-15,0,6.4,31.0,53,10.7,30.6,23.5,26.9
2022-10-16,0,11.5,81.0,46,6.7,31.2,25.4,28.5
2022-10-17,0,17.5,87.0,45,1.5,29.8,26.1,27.4
2022-10-18,19.5,17.5,88.0,67,0.0,26.7,17.3,20.7
2022-10-19,0,9.2,74.0,54,5.8,25.3,19.2,22.8
2022-10-20,0,8.3,66.0,64,6.0,26.8,22.2,24.1
2022-10-21,0,6.8,36.0,68,10.3,29.3,21.5,24.8
2022-10-22,0,4.6,66.0,67,6.8,30.5,20.5,25.9
2022-10-23,0,6.8,86.0,71,4.1,29.7,23.5,25.9
2022-10-24,0,8.2,70.0,68,9.3,27.6,22.5,24.8
2022-10-25,0,9.7,46.0,63,10.5,25.8,21.3,23.5
2022-10-26,0,8.2,34.0,66,10.6,27.1,21.1,23.4
2022-10-27,0,6.7,28.0,70,10.4,28.4,21.8,24.3
2022-10-28,0,7.1,16.0,68,10.4,29.4,21.4,24.9
2022-10-29,0,8.8,60.0,65,10.0,29.2,22.5,25.7
2022-10-30,0,12.5,80.0,57,9.2,28.6,22.3,25.3
2022-10-31,0,17.1,85.0,50,2.8,26.9,23.6,25.5
2022-11-01,6,18.0,88.0,64,0.0,25.1,19,22
2022-11-02,44.5,15.0,88.0,86,0.0,22,19,20
2022-11-03,48.5,7.8,88.0,93,0.0,23.2,21.6,22.4
2022-11-04,4,7.0,88.0,87,0.0,24.7,21.9,23
2022-11-05,0.5,8.5,90.0,79,0.1,22,19.7,20.9
2022-11-06,7.5,6.1,88.0,84,0.8,22.2,19.2,20.3
2022-11-07,7.5,5.3,88.0,85,0.7,22.8,19.7,21.1
2022-11-08,6,6.9,88.0,85,0.4,24,20.9,22.3
2022-11-09,0,4.9,44.0,77,8.8,27.5,21.1,23.8
2022-11-10,0,4.0,46.0,78,9.0,28.9,22.6,24.9
2022-11-11,0,4.6,49.0,77,6.4,29.2,22.1,24.9
2022-11-12,0,3.3,66.0,79,0.9,27.7,21.5,24
2022-11-13,0,3.8,17.0,81,10.0,28.9,20.7,24.4
2022-11-14,0,6.5,83.0,79,2.2,26.5,22.9,24.1
2022-11-15,0,6.1,69.0,78,7.1,25.7,22.3,24
2022-11-16,0,8.1,70.0,80,5.6,26.3,22.3,24
2022-11-17,0,5.9,63.0,80,5.1,26.5,22,24
2022-11-18,0,4.8,61.0,80,8.5,27.3,21.2,24
2022-11-19,0,4.3,43.0,77,9.7,29.1,21.7,25
2022-11-20,0,6.8,53.0,78,8.9,28.2,22,24.5
2022-11-21,0.5,7.0,76.0,78,0.2,25.5,21.9,23.6
2022-11-22,4,5.0,88.0,86,0.0,24.2,22.6,23.6
2022-11-23,4.5,6.1,88.0,91,0.0,24.5,22.7,23.7
2022-11-24,8.5,6.0,88.0,93,0.0,23,21.8,22.2
2022-11-25,5,6.2,90.0,92,0.0,23.7,21.6,22.5
2022-11-26,1,4.8,87.0,88,0.2,23.9,21.6,22.8
2022-11-27,2,8.1,88.0,90,0.0,24.2,22.2,23.2
2022-11-28,1,5.5,65.0,88,4.2,29.7,23.9,25.8
2022-11-29,0,2.8,35.0,85,8.9,29.8,22.2,25.2
2022-11-30,0,7.4,61.0,82,2.6,25.5,17,21
2022-12-01,0,9.8,88.0,72,0.3,17,12.3,14.2
2022-12-02,0,8.5,75.0,69,5.7,19.1,10.8,14.7
2022-12-03,0,6.9,86.0,73,4.2,21.3,14.7,18
2022-12-04,0,6.6,84.0,74,4.6,23.3,18.5,20.1
2022-12-05,0,9.6,76.0,66,1.9,18.6,14,16.3
2022-12-06,0,6.9,76.0,68,6.5,18.5,13,15.5
2022-12-07,0,6.0,63.0,68,7.6,21.7,14.5,17.4
2022-12-08,0,4.3,32.0,72,9.6,22.9,14.9,18.3
2022-12-09,0,6.2,19.0,67,9.1,23.1,15.8,18.9
2022-12-10,0,7.8,10.0,61,9.6,22.4,14.4,18
2022-12-11,0,8.7,65.0,60,1.7,18.6,14,16
2022-12-12,0,10.2,84.0,61,5.0,18.1,14.4,15.6
2022-12-13,3,7.9,88.0,71,0.0,15.9,12.1,13.4
2022-12-14,11.5,7.5,93.0,91,0.0,12.9,10.9,11.8
2022-12-15,5.5,4.9,90.0,91,0.0,15.7,12.1,14.1
2022-12-16,8.5,7.0,96.0,90,0.0,18,14.9,16.4
2022-12-17,7.5,18.1,89.0,60,0.0,14.9,12.3,13.2
2022-12-18,0,16.3,42.0,30,8.9,14.6,9.2,11.9
2022-12-19,0,5.0,25.0,50,8.9,17,7.7,12
2022-12-20,0,4.7,53.0,71,7.3,20.1,11.3,15.9
2022-12-21,0,6.9,37.0,46,8.8,20.7,12.4,16.8
2022-12-22,0,7.4,6.0,35,9.4,21.1,12.2,16.8
2022-12-23,0,5.9,24.0,40,9.0,20.6,9.9,15.6
2022-12-24,0,4.0,13.0,49,9.4,20.9,9.2,14.2
2022-12-25,0,4.7,14.0,59,9.3,19.1,8.6,13.8
2022-12-26,0,4.5,7.0,65,9.3,20.7,11.2,15
2022-12-27,0,5.0,13.0,70,9.3,20,10.7,15.3
2022-12-28,0,5.5,23.0,68,9.3,20.9,12.7,16.9
2022-12-29,0,6.7,56.0,60,5.6,19.3,13.1,15.8
2022-12-30,0,8.2,12.0,62,9.3,17.2,10.9,13.9
2022-12-31,0,7.7,33.0,65,8.9,19,10,14.5
2023-01-01,0,7.1,84.0,65,1.8,19,13.3,15.9
2023-01-02,0,7.2,79.0,65,4.8,21.1,16.2,18
2023-01-03,0.5,6.7,88.0,69,0.2,18.9,14.7,16.4
2023-01-04,0,6.9,83.0,74,5.0,19.7,15.1,16.7
2023-01-05,0,5.3,66.0,77,8.1,23.1,16.3,18.6
2023-01-06,0,8.1,56.0,62,9.6,24.3,15.7,19.6
2023-01-07,0,6.9,83.0,59,4.5,21.8,16.8,18.6
2023-01-08,0,7.2,88.0,57,0.1,19.9,15.8,18.3
2023-01-09,0,5.3,88.0,72,0.0,21.7,17,18.9
2023-01-10,4,6.1,91.0,91,0.0,18.8,17.4,18
2023-01-11,2,6.5,92.0,87,0.7,19.8,17.4,18.3
2023-01-12,1,9.5,89.0,88,0.0,20.4,17.9,19.2
2023-01-13,5.5,3.6,88.0,93,0.0,23.8,19.8,21.8
2023-01-14,0.5,6.0,62.0,90,4.8,27.2,20,23
2023-01-15,0,7.7,81.0,80,0.7,20.6,12.1,17.5
2023-01-16,0,9.0,88.0,66,0.0,12.3,9.9,11.1
2023-01-17,0,6.5,85.0,71,0.6,13.9,9.3,11.8
2023-01-18,0,6.3,41.0,58,9.1,18.1,9.9,13.1
2023-01-19,0,4.3,23.0,63,9.8,20.9,9,14.9
2023-01-20,0,6.7,74.0,62,5.1,21.4,15,17.2
2023-01-21,0,9.7,80.0,79,4.1,18.2,15.7,16.5
2023-01-22,1,4.7,62.0,83,7.1,24.2,16.7,19.1
2023-01-23,0,3.6,66.0,86,6.0,24,14.9,18.8
2023-01-24,0,17.8,44.0,51,7.4,18.9,11.8,14.6
2023-01-25,0,8.7,80.0,54,1.5,14.2,9.5,11.8
2023-01-26,0,5.8,85.0,66,3.0,18.3,11.7,15.3
2023-01-27,0,13.2,84.0,46,3.7,17.3,12.1,15.1
2023-01-28,0,11.3,20.0,28,10.0,15.4,8.8,12.3
2023-01-29,0,7.2,1.0,35,10.0,16.6,7,11.5
2023-01-30,0,4.4,8.0,48,10.1,19.9,5.8,12.6
2023-01-31,0,5.0,52.0,61,6.3,21.6,10.2,15.9
2023-02-01,0,6.2,59.0,77,8.2,25,17.2,20
2023-02-02,0,8.1,56.0,77,8.2,21.9,15.6,18.8
2023-02-03,0,8.0,88.0,76,1.4,21.4,16.3,18.1
2023-02-04,0.5,6.2,88.0,81,0.6,19.3,16.6,17.5
2023-02-05,0,6.1,88.0,83,0.1,19.4,16.6,18
2023-02-06,0,4.6,88.0,85,1.9,21.2,17.9,19.2
2023-02-07,0,4.3,74.0,83,4.2,25.4,18.9,21
2023-02-08,0,8.1,88.0,84,0.0,19.8,17.2,18.5
2023-02-09,0.5,6.2,83.0,83,4.5,23.4,17,19.7
2023-02-10,0,4.3,86.0,87,2.2,24,19.6,21.2
2023-02-11,0,9.8,92.0,93,0.0,21.8,18.1,19.2
2023-02-12,0,6.6,88.0,95,0.2,22.7,19.6,21
2023-02-13,0,4.8,73.0,88,6.4,26.8,21,22.9
2023-02-14,0,10.8,84.0,64,2.3,22.2,15.8,17.7
2023-02-15,0,9.4,42.0,60,9.7,19.2,12.1,15.4
2023-02-16,0,8.5,83.0,62,3.9,19.5,13.7,16.2
2023-02-17,0,6.1,32.0,70,10.5,24.4,14.1,18.4
2023-02-18,0,3.6,73.0,67,3.6,24.8,15.1,20
2023-02-19,3,5.0,70.0,67,6.1,28.8,18.3,22.3
2023-02-20,0,8.4,58.0,64,7.9,23.4,17.4,19.6
2023-02-21,0,9.3,48.0,62,9.5,20.3,15.4,17.1
2023-02-22,0,7.8,13.0,61,10.6,20.4,13.3,16.3
2023-02-23,0,4.8,21.0,70,10.4,22.7,13.4,17.7
2023-02-24,0,6.5,13.0,67,10.3,25.5,14.8,20
2023-02-25,0,13.4,32.0,54,10.4,19.4,13.9,16.1
2023-02-26,0,8.8,39.0,58,10.5,20.7,13.6,16.1
2023-02-27,0,8.1,8.0,60,10.6,19.9,11.9,15.7
2023-02-28,0,6.9,25.0,71,9.6,22.2,13.8,17
2023-03-01,0,4.6,6.0,71,10.5,26.3,12.8,18.7
2023-03-02,0,7.9,28.0,70,9.2,23.7,15,18.7
2023-03-03,0,6.3,11.0,56,10.3,22.7,14.8,18.2
2023-03-04,0,4.2,49.0,65,6.1,24,16.2,19.1
2023-03-05,0,5.4,9.0,57,10.7,24,14.8,18.6
2023-03-06,0,5.4,9.0,50,10.7,24.1,13.6,18.6
2023-03-07,0,3.9,7.0,56,10.6,24.2,12.6,18.4
2023-03-08,0,3.5,34.0,77,9.0,24.4,15.4,19.7
2023-03-09,0,3.0,37.0,75,9.0,28,16.7,21.6
2023-03-10,0,4.9,23.0,68,10.8,26,18.3,21.7
2023-03-11,0,5.5,32.0,67,10.0,25.5,17.3,21.3
2023-03-12,0,6.5,70.0,71,5.8,26.9,17.5,22.2
2023-03-13,0,7.3,82.0,64,1.2,22.2,17.9,20
2023-03-14,0,6.2,68.0,73,2.1,22,16.6,18.7
2023-03-15,0,3.2,42.0,77,7.3,24.3,15.8,19.7
2023-03-16,0,4.5,59.0,72,10.5,25.9,16.6,20.9
2023-03-17,0,5.6,66.0,83,6.3,26.3,19.1,21.5
2023-03-18,0,5.6,76.0,80,7.1,27.5,18.5,22.2
2023-03-19,0.5,5.8,88.0,86,0.1,21.7,19.7,20.4
2023-03-20,0,5.3,90.0,88,2.0,25.5,20.5,22
2023-03-21,0,7.3,88.0,85,0.5,25.8,22,24
2023-03-22,0,14.8,93.0,83,0.1,26.8,24.6,25.4
2023-03-23,0,13.8,91.0,81,0.6,27.5,24.4,25.5
2023-03-24,0,7.9,79.0,80,4.2,28.8,23.6,25.7
2023-03-25,38,8.4,88.0,89,0.4,25.6,21.4,23.4
2023-03-26,8,5.5,89.0,91,0.0,22.1,19,20.4
2023-03-27,5.5,7.1,94.0,86,0.0,19.2,17,18.2
2023-03-28,0.5,5.6,100.0,84,0.0,20.1,16.6,18.4
2023-03-29,2.5,4.9,93.0,86,1.7,21.9,18.5,19.9
2023-03-30,0.5,5.8,98.0,89,0.0,21.7,20,21
2023-03-31,1.5,6.6,99.0,92,0.0,21.2,19.8,20.5
2023-04-01,0,6.6,93.0,89,0.4,22.5,19.6,20.5
2023-04-02,8,5.8,96.0,92,0.0,22,20.9,21.5
2023-04-03,1.5,9.5,98.0,90,0.0,21.8,20.1,21
2023-04-04,13.5,7.3,91.0,90,0.2,26.1,21.2,24.2
2023-04-05,0.5,8.0,88.0,89,0.0,27.4,23.9,25.9
2023-04-06,11,8.7,87.0,87,2.0,28.5,22.4,26.1
2023-04-07,3.5,7.4,88.0,74,2.6,24.4,19,21.6
2023-04-08,0,6.3,88.0,73,0.0,21.5,19.3,20.2
2023-04-09,0,4.6,80.0,72,1.7,22.1,18.3,19.5
2023-04-10,0,6.0,88.0,80,1.9,24.2,19.6,21.5
2023-04-11,0,4.9,66.0,81,8.1,27.8,22.2,24.2
2023-04-12,0,4.5,40.0,76,9.7,29.5,20.5,24.8
2023-04-13,0,9.8,82.0,78,7.9,25.3,21.6,23.3
2023-04-14,0,5.5,81.0,80,5.6,28,22.6,24.8
2023-04-15,0,4.4,64.0,70,5.6,31.4,23,27
2023-04-16,0,4.3,18.0,69,10.9,31,21.3,25.9
2023-04-17,0,5.5,74.0,80,8.5,28.3,22.2,25.4
2023-04-18,0,6.5,78.0,81,4.3,29.8,24,26.8
2023-04-19,10.5,10.9,87.0,81,1.5,28.6,23.1,26.2
2023-04-20,9,5.4,97.0,94,0.0,26.2,24,24.8
2023-04-21,6.5,5.8,93.0,90,0.0,25.9,23.6,24.6
2023-04-22,0.5,10.1,88.0,89,0.0,24,22.9,23.3
2023-04-23,0,8.6,93.0,91,0.0,24.1,22.9,23.3
2023-04-24,0.5,4.6,90.0,89,0.0,25,23.1,23.8
2023-04-25,2,5.5,91.0,91,0.0,23.7,20,22.3
2023-04-26,0,8.1,83.0,73,3.0,24.3,18.4,21.3
2023-04-27,0,7.8,87.0,80,2.1,23.8,21.4,22.3
2023-04-28,1,5.9,71.0,84,7.4,28.9,22,24.5
2023-04-29,0,4.2,87.0,82,2.2,28.9,23.3,25.3
2023-04-30,0,6.8,84.0,73,6.7,26.7,21.4,24.1
2023-05-01,1.5,7.6,87.0,78,1.4,26.1,22.4,23.7
2023-05-02,0,5.3,81.0,74,3.0,25.9,22.3,23.9
2023-05-03,0,5.8,79.0,84,4.1,29,23.4,25.4
2023-05-04,0,6.1,74.0,84,5.3,31.2,25.7,27.3
2023-05-05,0,7.4,66.0,80,5.7,30.8,24.6,27.7
2023-05-06,0,11.3,85.0,82,1.2,30.9,27,28.8
2023-05-07,44,7.7,88.0,86,1.2,30.6,23.4,26.5
2023-05-08,7.5,7.4,88.0,88,0.3,24.8,21.8,22.9
2023-05-09,0,7.7,82.0,78,4.6,25.3,22.3,23.4
2023-05-10,0,7.5,88.0,70,2.1,25.2,22.7,23.5
2023-05-11,2,3.8,88.0,76,1.4,25.2,21.4,23.2
2023-05-12,0,4.8,88.0,77,0.0,25.4,22.9,23.8
2023-05-13,9,2.8,89.0,85,0.0,24.2,21.9,22.8
2023-05-14,36,4.2,94.0,93,0.0,23,20.5,21.7
2023-05-15,0,4.8,83.0,84,4.3,28.7,22,24.6
2023-05-16,0,4.3,81.0,87,3.7,28.9,21.3,25.3
2023-05-17,28.5,7.2,88.0,89,0.9,29.7,24.5,27.4
2023-05-18,0,11.5,63.0,83,6.5,32.1,26.4,29.3
2023-05-19,0,6.9,67.0,82,6.5,32.4,26.4,29.2
2023-05-20,0,7.0,76.0,80,6.8,32.7,26.9,29.7
2023-05-21,0,12.4,78.0,79,6.7,33,28.1,30.2
2023-05-22,0,13.8,83.0,76,9.9,32.6,28.3,30
2023-05-23,11.5,8.3,93.0,88,0.1,28.9,24.5,26.5
2023-05-24,3,7.8,93.0,88,1.8,28.1,23.4,25
2023-05-25,0,7.2,88.0,89,0.0,27.1,24.9,26.2
2023-05-26,0.5,5.5,85.0,87,4.7,30.8,26.7,27.8
2023-05-27,0,7.3,60.0,81,10.4,31.6,26.8,28.5
2023-05-28,0,5.8,47.0,75,8.7,32.5,24.7,28.4
2023-05-29,0,5.4,18.0,73,11.5,34.2,23.7,28.8
2023-05-30,0,4.1,14.0,74,11.8,36.6,26.1,31.3
2023-05-31,5,4.0,37.0,77,7.3,35.7,26.6,30.1
2023-06-01,46.5,4.5,71.0,79,6.4,33.6,24.8,29.1
2023-06-02,0,9.8,48.0,76,10.7,35.7,27.8,31.1
2023-06-03,0,6.2,47.0,76,9.0,34.5,27.5,30.7
2023-06-04,0,7.5,65.0,81,8.7,32.5,28.3,30.1
2023-06-05,7.5,8.4,83.0,79,6.2,32,28,29.4
2023-06-06,38,5.5,90.0,87,1.1,30.5,25.9,28
2023-06-07,34,4.0,85.0,88,1.6,31.8,26.8,28.4
2023-06-08,8.5,4.4,79.0,82,3.9,33,27.4,29.2
2023-06-09,17,5.3,86.0,83,5.1,32.6,26.7,28.8
2023-06-10,51,3.4,85.0,79,6.0,33.7,26.5,28.9
2023-06-11,0,5.1,86.0,83,5.8,32.5,26.2,28.8
2023-06-12,0,6.4,82.0,77,8.3,33,28,29.9
2023-06-13,36,3.8,86.0,81,3.5,32.8,26.7,29.4
2023-06-14,21.5,3.5,92.0,88,2.2,30.6,25.5,28.1
2023-06-15,69.5,2.3,88.0,91,0.0,29,26,27.4
2023-06-16,38,5.7,90.0,92,0.1,29.4,25.5,27.1
2023-06-17,104,2.7,90.0,94,0.0,29.1,25,26.2
2023-06-18,26,4.3,88.0,89,0.6,30.2,25.8,27.9
2023-06-19,3,9.9,87.0,83,4.4,32.9,26.8,29.5
2023-06-20,20.5,11.8,79.0,80,7.1,32.8,27,30
2023-06-21,0,14.8,85.0,79,9.0,33,29,30.5
2023-06-22,0.5,13.1,88.0,77,9.3,32.9,29.1,30.7
2023-06-23,2.5,8.1,88.0,80,1.3,31.7,27.9,29.9
2023-06-24,23,5.5,88.0,85,0.1,30.6,26.8,28.6
2023-06-25,6.5,5.0,88.0,83,6.2,32.7,26,29.1
2023-06-26,41.5,5.3,88.0,83,6.4,33.2,26.4,29.4
2023-06-27,7,5.5,76.0,80,8.1,33.3,27.4,29.5
2023-06-28,18.5,4.3,84.0,86,3.5,30.1,27,28.2
2023-06-29,4,4.0,84.0,84,6.2,33.2,26.5,29.3
2023-06-30,1,7.3,83.0,82,6.6,32.6,27.4,30
2023-07-01,31.5,4.5,85.0,82,1.9,30.9,26.4,28.5
2023-07-02,16,3.5,88.0,89,0.9,30.7,26.3,27.3
2023-07-03,18.5,5.5,82.0,83,5.7,32.4,26.5,28.8
2023-07-04,18.5,6.5,87.0,82,5.5,32.3,26.3,28.4
2023-07-05,1.5,11.9,86.0,77,9.3,32.8,27.3,30
2023-07-06,0.5,13.3,77.0,77,8.9,32.7,27.9,30.1
2023-07-07,0,12.8,71.0,76,9.8,32.8,28.7,30.4
2023-07-08,0,12.3,48.0,76,11.5,33,28.5,30.5
2023-07-09,0,13.9,46.0,77,10.7,33.4,28.7,30.6
2023-07-10,0,13.1,40.0,75,11.1,33.7,28.8,30.7
2023-07-11,0,10.8,42.0,76,11.0,34.1,28.2,30.9
2023-07-12,0,6.6,40.0,74,7.1,34,27.8,30.5
2023-07-13,0,5.2,58.0,71,12.0,33.9,25.9,30.1
2023-07-14,0,4.9,68.0,71,10.8,35.4,27.4,31.3
2023-07-15,12,6.0,83.0,74,9.0,36.3,26.3,31.1
2023-07-16,10,10.9,87.0,75,5.9,32.6,25.7,29
2023-07-17,42.5,16.6,88.0,85,0.1,29.8,26.9,29
2023-07-18,28.5,13.1,88.0,86,1.1,30.9,27.7,29.4
2023-07-19,5.5,5.5,88.0,88,1.1,30.5,27.6,29
2023-07-20,2,5.9,84.0,80,8.4,33.1,26.6,29.8
2023-07-21,4.5,3.4,76.0,79,4.5,32.7,26,29.3
2023-07-22,0,4.1,77.0,76,8.8,33.7,26.5,29.7
2023-07-23,0,4.5,86.0,77,9.5,33.9,26.7,29.6
2023-07-24,0,3.4,62.0,76,9.1,33.6,26.9,29.7
2023-07-25,0,4.3,56.0,73,11.5,34.5,25.8,30.3
2023-07-26,0,3.7,78.0,72,7.9,37,27.5,32.1
2023-07-27,7,5.8,77.0,67,7.5,36.7,28,32.2
2023-07-28,0.5,5.6,86.0,72,6.1,36,27.6,31.5
2023-07-29,39.5,6.8,91.0,84,0.5,31.2,26.2,29
2023-07-30,2,3.8,88.0,87,3.0,32.3,27.3,28.7
2023-07-31,2,6.6,85.0,84,9.0,32.6,27.1,29
2023-08-01,0,4.3,75.0,80,7.0,32.8,26.5,29.2
2023-08-02,0,4.6,52.0,70,11.0,33.9,26.1,29.6
2023-08-03,0,7.0,43.0,73,11.0,35,25.8,30.4
2023-08-04,3,14.6,86.0,77,9.0,33.9,28,30.6
2023-08-05,10,12.2,84.0,79,7.0,33,27.9,30.4
2023-08-06,3,11.7,71.0,78,7.2,32.9,27.5,30.3
2023-08-07,0.5,7.9,69.0,76,6.3,33,28,30
2023-08-08,0,8.4,69.0,74,8.3,33.4,26.9,30.2
2023-08-09,0,10.0,73.0,76,5.9,34.3,27.9,30.7
2023-08-10,10,6.0,86.0,82,1.4,32.3,27.3,29.3
2023-08-11,4.5,8.9,85.0,85,2.6,30.8,26.4,28.2
2023-08-12,6.5,7.6,86.0,79,8.5,32.3,26,28.8
2023-08-13,25,6.3,87.0,84,1.0,30.7,26.5,28.4
2023-08-14,2.5,9.1,88.0,82,4.0,32.2,27.1,29.5
2023-08-15,0,11.0,85.0,80,3.2,33.3,28.9,30.3
2023-08-16,0,12.7,70.0,78,10.7,34.3,28.8,31
2023-08-17,0,8.7,85.0,82,5.3,34.3,28.7,30.2
2023-08-18,22.5,6.5,88.0,86,2.1,31.8,25.8,29.2
2023-08-19,30.5,6.3,88.0,84,3.4,31.4,26.1,28.7
2023-08-20,1.5,3.3,86.0,80,3.3,32.1,26.9,28.9
2023-08-21,5.5,3.4,86.0,82,6.0,33,26.4,28.9
2023-08-22,0.5,5.3,88.0,79,6.4,33.1,26.7,29.5
2023-08-23,0,5.5,86.0,78,6.9,34,27.4,30.1
2023-08-24,12,3.9,88.0,85,1.4,31.8,26.6,28.6
2023-08-25,8.5,3.3,77.0,83,3.3,32.1,26.2,28.4
2023-08-26,13,3.0,88.0,83,3.5,33.1,26.4,28.9
2023-08-27,2.5,3.9,87.0,84,2.8,32.5,26.6,29.2
2023-08-28,0.5,3.8,88.0,81,3.3,33.2,27.1,29.6
2023-08-29,12,4.4,87.0,83,4.6,31.7,26.8,28.3
2023-08-30,0,7.6,83.0,72,6.7,32.5,26.1,28.9
2023-08-31,1,7.9,88.0,70,3.3,32,27.3,29.1
2023-09-01,117.5,14.9,92.0,81,0.0,28.5,25.4,26.8
2023-09-02,60,16.1,95.0,92,0.0,28.1,26.5,27.2
2023-09-03,0,6.6,88.0,76,9.4,33.5,27.4,29.7
2023-09-04,0,4.7,87.0,73,8.9,34.7,27.5,31
2023-09-05,0.5,2.4,88.0,73,0.4,31.5,27.3,29
2023-09-06,0,4.0,88.0,72,6.4,32,27.4,29.2
2023-09-07,183.5,5.9,89.0,89,0.2,29.1,26.8,27.9
2023-09-08,281.5,6.0,96.0,94,0.0,28,25.9,26.9
2023-09-09,5.5,6.0,88.0,92,0.0,27.7,26.1,26.8
2023-09-10,45,6.2,90.0,93,0.0,27.7,25.9,26.7
2023-09-11,114.5,4.5,89.0,93,0.9,27.9,26.5,27.1
2023-09-12,17.5,4.5,83.0,89,4.0,30.7,26.1,27.4
2023-09-13,14.5,4.7,87.0,88,5.0,30.3,26.8,28
2023-09-14,129.5,3.1,88.0,92,0.0,29.5,26.2,27.5
2023-09-15,90,4.1,88.0,89,4.9,31.4,25,27.4
2023-09-16,7,5.2,88.0,89,0.8,29.2,26,27.4
2023-09-17,0,4.5,79.0,85,9.0,31.8,26.4,28.2
2023-09-18,0,4.3,57.0,80,9.9,33.5,26.3,29.1
2023-09-19,0,2.9,48.0,79,9.0,33.4,25.7,28.5
2023-09-20,0,4.7,28.0,76,8.9,33.5,25.5,29.1
2023-09-21,0,4.3,28.0,77,11.1,34.5,25.5,29.8
2023-09-22,0,4.1,67.0,75,6.8,33.8,26.5,29.5
2023-09-23,0,6.2,52.0,74,9.7,32.7,26.4,29.3
2023-09-24,0,7.7,76.0,75,6.5,32.1,28.2,29.6
2023-09-25,0,7.8,55.0,76,10.2,32.6,28,29.7
2023-09-26,0,8.1,52.0,75,8.3,32.4,28.1,29.6
2023-09-27,0,6.9,72.0,72,10.0,33.3,28.1,29.8
2023-09-28,0,8.3,73.0,71,10.7,33.1,28.4,30
2023-09-29,1.5,7.0,59.0,78,9.0,32.5,27.4,29.5
2023-09-30,0,3.4,44.0,75,10.5,34.5,26.4,29.5
2023-10-01,0,5.0,68.0,77,8.2,33.2,26.5,29
2023-10-02,1,7.7,64.0,76,7.5,31.8,27.4,29
2023-10-03,0,6.4,61.0,78,7.4,32.8,26.8,29.4
2023-10-04,0,3.7,74.0,73,8.7,34.5,26.7,30.5
2023-10-05,0,9.3,82.0,58,9.2,33.5,28.1,30.1
2023-10-06,0,9.3,88.0,62,5.1,30.8,24.7,27.5
2023-10-07,3,11.8,88.0,74,0.0,26.7,22.9,24.5
2023-10-08,104,16.8,95.0,87,0.0,25.3,22,23.6
2023-10-09,327.5,8.6,100.0,94,0.0,25.5,23.5,24.3
2023-10-10,2,7.5,91.0,83,0.0,27,23.6,25
2023-10-11,0,8.1,83.0,75,2.9,28.3,23.1,25.2
2023-10-12,0,6.9,79.0,72,5.2,28.8,22.8,25.6
2023-10-13,0,6.8,81.0,67,6.8,29.9,24.7,26.7
2023-10-14,0,4.4,70.0,66,5.7,30.2,22.9,26.3
2023-10-15,0,5.8,86.0,72,7.5,29.6,23.7,26.2
2023-10-16,0,8.2,88.0,70,4.0,28.8,24.8,26.3
2023-10-17,0,8.3,88.0,61,2.4,27.4,22.7,25.7
2023-10-18,22,6.3,95.0,85,0.0,26.1,22.9,24.8
2023-10-19,40,3.5,96.0,91,0.0,26.4,25.2,25.9
2023-10-20,0,6.6,88.0,82,0.8,27.3,23.9,25.5
2023-10-21,0.5,8.3,88.0,76,0.0,23.9,20.9,22
2023-10-22,0,6.4,88.0,71,4.0,26.7,21.1,23.5
2023-10-23,0,5.9,74.0,77,5.6,28.7,23.3,25.5
2023-10-24,0,4.9,50.0,76,7.5,30.4,24,26.4
2023-10-25,0,4.4,57.0,80,4.6,29.5,24.1,26.1
2023-10-26,0,4.1,59.0,78,7.3,28.9,23,25.6
2023-10-27,0,4.6,74.0,81,8.5,29.7,23.2,26.1
2023-10-28,1,6.4,87.0,85,1.0,27.8,25,25.7
2023-10-29,0,6.4,84.0,79,4.1,27.6,24.5,25.4
2023-10-30,0,5.0,73.0,77,4.7,29.3,24.3,26
2023-10-31,0,6.3,54.0,70,10.2,28.7,23,25.4
2023-11-01,0,5.3,36.0,70,10.3,29.1,21.6,25.1
2023-11-02,0,5.1,56.0,75,8.6,28.1,23.4,25.1
2023-11-03,0,3.5,42.0,78,9.8,29.3,22.2,25.3
2023-11-04,0,3.5,34.0,76,9.4,29.2,22.7,25.4
2023-11-05,0,3.5,38.0,77,8.9,30.1,23,25.9
2023-11-06,0,5.4,31.0,65,9.3,30.9,23,26.9
2023-11-07,0,6.3,80.0,70,0.3,26.7,23.9,25.4
2023-11-08,0,6.1,88.0,77,0.4,25.9,24.3,24.9
2023-11-09,0,4.8,88.0,81,1.3,26.6,24.6,25.4
2023-11-10,0,5.6,83.0,82,6.4,29.6,25.2,26.7
2023-11-11,4.5,6.9,88.0,85,0.0,26.2,24.6,25.2
2023-11-12,3.5,8.7,84.0,77,3.9,25.8,20.9,23.5
2023-11-13,0,9.8,79.0,67,6.0,24.4,18.9,21
2023-11-14,0,5.8,79.0,70,2.6,23.8,17.3,19.9
2023-11-15,0,6.4,67.0,71,8.8,25.8,19.2,22.1
2023-11-16,0,10.3,66.0,65,3.9,23.3,16.4,20.6
2023-11-17,0,13.5,9.0,37,10.1,22,14.8,18.7
2023-11-18,0,6.2,21.0,42,10.0,22.7,13.7,17.9
2023-11-19,0,2.9,42.0,59,9.1,23.6,13.1,18.4
2023-11-20,0,3.4,23.0,65,9.9,24.7,14.7,19.3
2023-11-21,0,4.0,18.0,70,9.9,25.4,16.6,20.3
2023-11-22,0,2.7,26.0,73,9.9,26.2,16.6,20.7
2023-11-23,0,3.0,42.0,74,9.8,27.5,16.6,21.5
2023-11-24,0,8.0,36.0,67,9.3,25.6,18,22.1
2023-11-25,0,8.0,19.0,66,9.9,25,17.6,21.7
2023-11-26,0,4.9,20.0,68,9.8,25.9,17.3,21
2023-11-27,0,2.8,14.0,68,9.6,27.2,15.9,21.1
2023-11-28,0,6.7,37.0,61,8.4,25.8,17.8,22.2
2023-11-29,0,3.7,85.0,73,0.6,24.2,20.8,22.7
2023-11-30,0,6.3,79.0,73,2.0,25.9,20.1,23.2
2023-12-01,0,9.5,85.0,69,2.9,23,18.7,20.8
2023-12-02,0,5.0,79.0,70,1.1,22.3,17.3,19.4
2023-12-03,0,5.0,87.0,73,2.1,23.4,19.3,21.1
2023-12-04,0,4.6,66.0,76,5.2,25.9,19.8,21.9
2023-12-05,0,3.9,57.0,73,9.5,25,18.7,21.1
2023-12-06,0,5.4,81.0,67,2.2,22.9,17.7,20.7
2023-12-07,0,4.3,30.0,47,9.7,25.3,14.3,19
2023-12-08,0,3.6,56.0,68,8.1,25,14,19.8
2023-12-09,0,4.3,80.0,80,6.5,25.1,20.2,22.6
2023-12-10,0,7.1,76.0,80,7.5,27.2,21.3,23.8
2023-12-11,0.5,2.8,68.0,85,2.7,29.4,21.4,24.2
2023-12-12,0,5.7,42.0,80,8.2,28.6,20.5,24.4
2023-12-13,0,7.0,93.0,82,0.2,22.9,21.3,22.1
2023-12-14,0,6.3,88.0,81,0.3,25.3,21.4,23.2
2023-12-15,0,4.8,79.0,81,7.5,28.4,22.4,24.6
2023-12-16,0,9.8,85.0,71,2.8,24.3,11.8,17.8
2023-12-17,0,8.6,88.0,69,0.0,14,9.7,12
2023-12-18,0,5.3,88.0,80,0.0,18.4,14,16.6
2023-12-19,0,8.6,72.0,75,3.2,17.7,12.4,15.3
2023-12-20,0,10.6,67.0,65,1.0,16,8.6,12.1
2023-12-21,0,10.8,86.0,65,0.0,11.9,8.2,10
2023-12-22,0,9.0,88.0,51,0.4,12.1,7.2,9.7
2023-12-23,0,8.0,64.0,58,1.8,12.7,7,10.1
2023-12-24,0,7.2,23.0,52,9.4,17.7,8,12.6
2023-12-25,0,5.3,50.0,51,9.4,18.6,9.4,13
2023-12-26,0,3.8,65.0,63,6.5,20.7,9.1,15.3
2023-12-27,0,3.0,88.0,62,2.5,21.8,14.7,17.9
2023-12-28,0,3.7,74.0,73,5.1,24.7,16.7,19.7
2023-12-29,0,5.9,72.0,79,5.8,21.6,16,18.9
2023-12-30,0,4.0,79.0,70,6.1,25.8,15.1,20.4
2023-12-31,0,3.8,59.0,73,8.3,28,17,22
